param,value,seed,n_samples,mean,std,min,max
MTDheight,0.005,10,10000,-0.018032,0.101722,-0.414370,0.318092
MTDheight,0.005,100,10000,-0.020026,0.102188,-0.395950,0.390181
MTDheight,0.005,20,10000,-0.018345,0.101643,-0.386177,0.413351
MTDheight,0.005,30,10000,-0.018257,0.104570,-0.378901,0.344375
MTDheight,0.005,40,10000,-0.019313,0.102199,-0.397404,0.367476
MTDheight,0.005,50,10000,-0.016999,0.104167,-0.417383,0.358935
MTDheight,0.005,60,10000,-0.015680,0.102095,-0.394324,0.347997
MTDheight,0.005,70,10000,-0.018931,0.101858,-0.410272,0.363365
MTDheight,0.005,80,10000,-0.019274,0.103141,-0.377880,0.343548
MTDheight,0.005,90,10000,-0.017349,0.103030,-0.458792,0.337502
MTDheight,0.010,10,10000,-0.018243,0.103313,-0.384493,0.396549
MTDheight,0.010,100,10000,-0.019315,0.102744,-0.443956,0.322034
MTDheight,0.010,20,10000,-0.017540,0.103249,-0.386175,0.402142
MTDheight,0.010,30,10000,-0.016895,0.103201,-0.400073,0.386229
MTDheight,0.010,40,10000,-0.018424,0.101983,-0.442368,0.407475
MTDheight,0.010,50,10000,-0.017562,0.102458,-0.437171,0.384799
MTDheight,0.010,60,10000,-0.018443,0.101632,-0.416541,0.374515
MTDheight,0.010,70,10000,-0.017006,0.102620,-0.371060,0.420335
MTDheight,0.010,80,10000,-0.017452,0.104756,-0.402648,0.468744
MTDheight,0.010,90,10000,-0.017885,0.102187,-0.462785,0.374264
MTDheight,0.015,10,10000,-0.015942,0.102888,-0.402533,0.353899
MTDheight,0.015,100,10000,-0.016956,0.103423,-0.452030,0.386872
MTDheight,0.015,20,10000,-0.018274,0.102310,-0.398770,0.376022
MTDheight,0.015,30,10000,-0.016498,0.103423,-0.441520,0.346566
MTDheight,0.015,40,10000,-0.016507,0.103163,-0.402711,0.365667
MTDheight,0.015,50,10000,-0.016250,0.103660,-0.396718,0.371320
MTDheight,0.015,60,10000,-0.017919,0.102183,-0.396964,0.391633
MTDheight,0.015,70,10000,-0.017498,0.102867,-0.389552,0.395395
MTDheight,0.015,80,10000,-0.017944,0.104145,-0.469860,0.351237
MTDheight,0.015,90,10000,-0.017886,0.104993,-0.372338,0.393232
MTDheight,0.020,10,10000,-0.017800,0.102690,-0.430890,0.363900
MTDheight,0.020,100,10000,-0.018284,0.102022,-0.391789,0.353274
MTDheight,0.020,20,10000,-0.016554,0.103470,-0.412054,0.431079
MTDheight,0.020,30,10000,-0.017800,0.103646,-0.422466,0.555572
MTDheight,0.020,40,10000,-0.018553,0.102583,-0.405758,0.417041
MTDheight,0.020,50,10000,-0.015577,0.103068,-0.375599,0.422833
MTDheight,0.020,60,10000,-0.015505,0.103443,-0.384076,0.385582
MTDheight,0.020,70,10000,-0.015915,0.103546,-0.375770,0.353182
MTDheight,0.020,80,10000,-0.019298,0.102337,-0.395936,0.358028
MTDheight,0.020,90,10000,-0.017957,0.104083,-0.379814,0.381549
MTDheight,0.030,10,10000,-0.017481,0.103779,-0.439676,0.375222
MTDheight,0.030,100,10000,-0.018020,0.104007,-0.431474,0.408776
MTDheight,0.030,20,10000,-0.018380,0.103837,-0.440308,0.380368
MTDheight,0.030,30,10000,-0.018444,0.103529,-0.392716,0.426130
MTDheight,0.030,40,10000,-0.017340,0.104021,-0.424364,0.395458
MTDheight,0.030,50,10000,-0.017488,0.103742,-0.388417,0.396139
MTDheight,0.030,60,10000,-0.019131,0.102156,-0.413296,0.427899
MTDheight,0.030,70,10000,-0.016941,0.102408,-0.438875,0.366458
MTDheight,0.030,80,10000,-0.019342,0.102831,-0.428019,0.349400
MTDheight,0.030,90,10000,-0.017102,0.103458,-0.442299,0.371174
MTDheight,0.050,10,10000,-0.018187,0.103000,-0.397836,0.383031
MTDheight,0.050,100,10000,-0.018604,0.103944,-0.391610,0.417578
MTDheight,0.050,20,10000,-0.015861,0.105059,-0.386217,0.395213
MTDheight,0.050,30,10000,-0.017534,0.104324,-0.406933,0.405044
MTDheight,0.050,40,10000,-0.016360,0.103912,-0.415710,0.360088
MTDheight,0.050,50,10000,-0.015592,0.103965,-0.427283,0.398246
MTDheight,0.050,60,10000,-0.017299,0.103185,-0.384560,0.369460
MTDheight,0.050,70,10000,-0.017217,0.103810,-0.395540,0.458206
MTDheight,0.050,80,10000,-0.016154,0.105501,-0.414057,0.425250
MTDheight,0.050,90,10000,-0.017587,0.104714,-0.464390,0.412400
MTDheight,0.100,10,10000,-0.016273,0.104093,-0.432837,0.380093
MTDheight,0.100,100,10000,-0.018369,0.104534,-0.413840,0.400450
MTDheight,0.100,20,10000,-0.015941,0.104614,-0.422003,0.404865
MTDheight,0.100,30,10000,-0.017958,0.104815,-0.391526,0.454327
MTDheight,0.100,40,10000,-0.017748,0.104848,-0.411959,0.525974
MTDheight,0.100,50,10000,-0.015958,0.104087,-0.418723,0.398093
MTDheight,0.100,60,10000,-0.017065,0.103747,-0.377509,0.460676
MTDheight,0.100,70,10000,-0.016333,0.104906,-0.401327,0.395729
MTDheight,0.100,80,10000,-0.018701,0.104173,-0.453763,0.381444
MTDheight,0.100,90,10000,-0.017560,0.103423,-0.414090,0.408261
MTDheight,0.200,10,10000,-0.017311,0.104987,-0.459600,0.429329
MTDheight,0.200,100,10000,-0.019080,0.102591,-0.417638,0.422681
MTDheight,0.200,20,10000,-0.018344,0.102317,-0.427412,0.390616
MTDheight,0.200,30,10000,-0.017352,0.103857,-0.404215,0.425052
MTDheight,0.200,40,10000,-0.015557,0.103558,-0.396196,0.381651
MTDheight,0.200,50,10000,-0.016621,0.104631,-0.411222,0.430789
MTDheight,0.200,60,10000,-0.017364,0.105065,-0.465908,0.412210
MTDheight,0.200,70,10000,-0.017870,0.103999,-0.451646,0.379314
MTDheight,0.200,80,10000,-0.015848,0.104317,-0.373460,0.463343
MTDheight,0.200,90,10000,-0.017111,0.105601,-0.402540,0.433077
MTDheight,0.500,10,10000,-0.017901,0.104573,-0.393634,0.470714
MTDheight,0.500,100,10000,-0.016858,0.104697,-0.427914,0.430928
MTDheight,0.500,20,10000,-0.016065,0.105727,-0.459291,0.459425
MTDheight,0.500,30,10000,-0.017182,0.104176,-0.398491,0.414234
MTDheight,0.500,40,10000,-0.016613,0.104635,-0.429554,0.591420
MTDheight,0.500,50,10000,-0.016722,0.104118,-0.355222,0.482958
MTDheight,0.500,60,10000,-0.016904,0.104491,-0.457117,0.461104
MTDheight,0.500,70,10000,-0.017394,0.104991,-0.425885,0.520208
MTDheight,0.500,80,10000,-0.019709,0.105394,-0.568179,0.395713
MTDheight,0.500,90,10000,-0.017759,0.105787,-0.426963,0.410984
MTDheight,1.00,10,10000,-0.016634,0.105872,-0.426623,0.419693
MTDheight,1.00,100,10000,-0.017634,0.103236,-0.441562,0.407428
MTDheight,1.00,20,10000,-0.018718,0.105557,-0.410916,0.527492
MTDheight,1.00,30,10000,-0.017629,0.105880,-0.462137,0.467270
MTDheight,1.00,40,10000,-0.014833,0.106376,-0.418914,0.510973
MTDheight,1.00,50,10000,-0.014852,0.106464,-0.422395,0.510579
MTDheight,1.00,60,10000,-0.015306,0.105116,-0.442590,0.444830
MTDheight,1.00,70,10000,-0.016998,0.104362,-0.394091,0.537091
MTDheight,1.00,80,10000,-0.018109,0.106636,-0.424996,0.504567
MTDheight,1.00,90,10000,-0.018352,0.104210,-0.438912,0.435727
MTDnewhill,1000,10,10000,-0.016139,0.104405,-0.392406,0.413446
MTDnewhill,1000,100,10000,-0.017872,0.103904,-0.424759,0.370762
MTDnewhill,1000,20,10000,-0.015926,0.106049,-0.481624,0.418670
MTDnewhill,1000,30,10000,-0.013517,0.104737,-0.448477,0.465186
MTDnewhill,1000,40,10000,-0.015839,0.103383,-0.439892,0.399683
MTDnewhill,1000,50,10000,-0.016314,0.102383,-0.433043,0.360939
MTDnewhill,1000,60,10000,-0.015690,0.104243,-0.400070,0.411673
MTDnewhill,1000,70,10000,-0.016341,0.104657,-0.419944,0.394843
MTDnewhill,1000,80,10000,-0.016650,0.104969,-0.421579,0.399059
MTDnewhill,1000,90,10000,-0.018392,0.104237,-0.385672,0.397041
MTDnewhill,1500,10,10000,-0.017383,0.104060,-0.446459,0.418264
MTDnewhill,1500,100,10000,-0.018944,0.105237,-0.440151,0.403648
MTDnewhill,1500,20,10000,-0.018380,0.102739,-0.415991,0.400442
MTDnewhill,1500,30,10000,-0.018491,0.103786,-0.370357,0.415007
MTDnewhill,1500,40,10000,-0.015523,0.104592,-0.401312,0.454643
MTDnewhill,1500,50,10000,-0.020149,0.101711,-0.492195,0.319229
MTDnewhill,1500,60,10000,-0.015999,0.106684,-0.442858,0.395767
MTDnewhill,1500,70,10000,-0.019107,0.103889,-0.378572,0.467607
MTDnewhill,1500,80,10000,-0.018739,0.103230,-0.395288,0.373953
MTDnewhill,1500,90,10000,-0.016605,0.103039,-0.469594,0.372343
MTDnewhill,2000,10,10000,-0.018132,0.104400,-0.389226,0.380623
MTDnewhill,2000,100,10000,-0.018205,0.104320,-0.445678,0.361998
MTDnewhill,2000,20,10000,-0.016710,0.104430,-0.442017,0.397382
MTDnewhill,2000,30,10000,-0.019247,0.103508,-0.442618,0.415786
MTDnewhill,2000,40,10000,-0.017532,0.103354,-0.395210,0.434115
MTDnewhill,2000,50,10000,-0.018340,0.103364,-0.394768,0.366776
MTDnewhill,2000,60,10000,-0.015644,0.104718,-0.396205,0.416840
MTDnewhill,2000,70,10000,-0.019127,0.104022,-0.430985,0.383910
MTDnewhill,2000,80,10000,-0.019070,0.104239,-0.433900,0.374015
MTDnewhill,2000,90,10000,-0.019041,0.104417,-0.462060,0.368460
MTDnewhill,2500,10,10000,-0.017141,0.104649,-0.398400,0.354924
MTDnewhill,2500,100,10000,-0.017459,0.104302,-0.427102,0.365781
MTDnewhill,2500,20,10000,-0.017372,0.103849,-0.425730,0.394667
MTDnewhill,2500,30,10000,-0.015257,0.106100,-0.424963,0.398216
MTDnewhill,2500,40,10000,-0.015185,0.104214,-0.423305,0.361396
MTDnewhill,2500,50,10000,-0.018829,0.102769,-0.373473,0.394272
MTDnewhill,2500,60,10000,-0.019719,0.103255,-0.425670,0.383033
MTDnewhill,2500,70,10000,-0.017496,0.103508,-0.401797,0.431690
MTDnewhill,2500,80,10000,-0.017843,0.103181,-0.362986,0.366425
MTDnewhill,2500,90,10000,-0.017947,0.100605,-0.412347,0.379963
MTDnewhill,3000,10,10000,-0.016508,0.104355,-0.431836,0.457240
MTDnewhill,3000,100,10000,-0.019957,0.102957,-0.431453,0.372026
MTDnewhill,3000,20,10000,-0.017585,0.103771,-0.385251,0.389825
MTDnewhill,3000,30,10000,-0.021383,0.102600,-0.423765,0.342027
MTDnewhill,3000,40,10000,-0.017825,0.104942,-0.400521,0.395574
MTDnewhill,3000,50,10000,-0.016078,0.103948,-0.455954,0.377154
MTDnewhill,3000,60,10000,-0.017379,0.103657,-0.460835,0.336049
MTDnewhill,3000,70,10000,-0.016406,0.104889,-0.444200,0.350295
MTDnewhill,3000,80,10000,-0.015505,0.105085,-0.442346,0.415890
MTDnewhill,3000,90,10000,-0.019231,0.103811,-0.376748,0.403174
MTDnewhill,500,10,10000,-0.018395,0.104936,-0.485538,0.429195
MTDnewhill,500,100,10000,-0.015774,0.105234,-0.375687,0.444784
MTDnewhill,500,20,10000,-0.017907,0.106540,-0.513683,0.438744
MTDnewhill,500,30,10000,-0.020479,0.105169,-0.509421,0.437255
MTDnewhill,500,40,10000,-0.016640,0.105432,-0.421189,0.434237
MTDnewhill,500,50,10000,-0.017821,0.104730,-0.422979,0.384865
MTDnewhill,500,60,10000,-0.020797,0.105194,-0.464150,0.383517
MTDnewhill,500,70,10000,-0.016210,0.105975,-0.432587,0.488588
MTDnewhill,500,80,10000,-0.019321,0.103937,-0.474175,0.356098
MTDnewhill,500,90,10000,-0.018379,0.106039,-0.411385,0.402086
MTDnewhill,700,10,10000,-0.017101,0.103576,-0.397674,0.378820
MTDnewhill,700,100,10000,-0.018440,0.103731,-0.398301,0.404078
MTDnewhill,700,20,10000,-0.016848,0.104468,-0.378357,0.393735
MTDnewhill,700,30,10000,-0.018978,0.105919,-0.409425,0.424107
MTDnewhill,700,40,10000,-0.016052,0.104802,-0.422760,0.430728
MTDnewhill,700,50,10000,-0.016756,0.105283,-0.433170,0.462500
MTDnewhill,700,60,10000,-0.019009,0.105490,-0.414427,0.494364
MTDnewhill,700,70,10000,-0.017806,0.104742,-0.403186,0.463315
MTDnewhill,700,80,10000,-0.017401,0.105320,-0.457763,0.418515
MTDnewhill,700,90,10000,-0.017257,0.105468,-0.468904,0.449266
MTDtemp,10000,10,10000,-0.018601,0.120643,-0.721425,0.663157
MTDtemp,10000,100,10000,-0.017817,0.119542,-0.636459,0.754133
MTDtemp,10000,20,10000,-0.016193,0.121171,-0.747737,0.692253
MTDtemp,10000,30,10000,-0.013828,0.119253,-0.635712,0.673217
MTDtemp,10000,40,10000,-0.016222,0.119972,-0.617516,0.723145
MTDtemp,10000,50,10000,-0.017341,0.119008,-0.698748,0.647304
MTDtemp,10000,60,10000,-0.014357,0.118854,-0.702091,0.669931
MTDtemp,10000,70,10000,-0.015384,0.120727,-0.571382,0.725143
MTDtemp,10000,80,10000,-0.017242,0.121515,-0.608638,0.689530
MTDtemp,10000,90,10000,-0.013970,0.125566,-0.598225,0.732112
MTDtemp,1000,10,10000,-0.015837,0.104708,-0.381410,0.381716
MTDtemp,1000,100,10000,-0.018657,0.103928,-0.424771,0.449751
MTDtemp,1000,20,10000,-0.018040,0.105091,-0.389224,0.477107
MTDtemp,1000,30,10000,-0.017844,0.105009,-0.368824,0.451229
MTDtemp,1000,40,10000,-0.019240,0.105478,-0.407297,0.402116
MTDtemp,1000,50,10000,-0.016508,0.105337,-0.407914,0.373661
MTDtemp,1000,60,10000,-0.016545,0.104633,-0.426024,0.403699
MTDtemp,1000,70,10000,-0.020636,0.103142,-0.419392,0.325970
MTDtemp,1000,80,10000,-0.016994,0.103320,-0.386577,0.421007
MTDtemp,1000,90,10000,-0.016200,0.103966,-0.406898,0.370209
MTDtemp,15000,10,10000,-0.019305,0.125233,-0.738506,0.815156
MTDtemp,15000,100,10000,-0.015255,0.124066,-0.730444,0.747524
MTDtemp,15000,20,10000,-0.015915,0.124411,-0.633095,0.737513
MTDtemp,15000,30,10000,-0.017462,0.122599,-0.706133,0.763181
MTDtemp,15000,40,10000,-0.015786,0.126591,-0.646175,0.754446
MTDtemp,15000,50,10000,-0.013493,0.128289,-0.781413,0.775333
MTDtemp,15000,60,10000,-0.017450,0.124543,-0.720838,0.756909
MTDtemp,15000,70,10000,-0.018687,0.127789,-0.772154,0.823956
MTDtemp,15000,80,10000,-0.018810,0.121727,-0.754919,0.729387
MTDtemp,15000,90,10000,-0.017790,0.124079,-0.699031,0.781325
MTDtemp,1500,10,10000,-0.015517,0.105506,-0.426934,0.435338
MTDtemp,1500,100,10000,-0.016762,0.103944,-0.436128,0.425351
MTDtemp,1500,20,10000,-0.019882,0.104138,-0.404039,0.360348
MTDtemp,1500,30,10000,-0.017128,0.105820,-0.413784,0.501538
MTDtemp,1500,40,10000,-0.015880,0.106133,-0.602107,0.461238
MTDtemp,1500,50,10000,-0.017248,0.106606,-0.424599,0.413275
MTDtemp,1500,60,10000,-0.014441,0.106201,-0.428980,0.463326
MTDtemp,1500,70,10000,-0.019348,0.105493,-0.374101,0.467905
MTDtemp,1500,80,10000,-0.019278,0.102492,-0.466590,0.374965
MTDtemp,1500,90,10000,-0.018383,0.105951,-0.405644,0.426210
MTDtemp,2000,10,10000,-0.017944,0.106240,-0.508718,0.440871
MTDtemp,2000,100,10000,-0.016359,0.107480,-0.398580,0.484305
MTDtemp,2000,20,10000,-0.017501,0.107821,-0.581419,0.507571
MTDtemp,2000,30,10000,-0.019145,0.106551,-0.375425,0.517517
MTDtemp,2000,40,10000,-0.019036,0.104957,-0.443115,0.449560
MTDtemp,2000,50,10000,-0.016518,0.106833,-0.386589,0.451265
MTDtemp,2000,60,10000,-0.018102,0.105053,-0.470157,0.480214
MTDtemp,2000,70,10000,-0.017315,0.105040,-0.407321,0.440651
MTDtemp,2000,80,10000,-0.017508,0.105839,-0.428147,0.544515
MTDtemp,2000,90,10000,-0.016753,0.106947,-0.405482,0.527962
MTDtemp,3000,10,10000,-0.016227,0.106928,-0.486260,0.538587
MTDtemp,3000,100,10000,-0.019941,0.108816,-0.469281,0.434226
MTDtemp,3000,20,10000,-0.018028,0.106884,-0.503525,0.491522
MTDtemp,3000,30,10000,-0.018113,0.107741,-0.512398,0.518847
MTDtemp,3000,40,10000,-0.015381,0.110675,-0.431639,0.591624
MTDtemp,3000,50,10000,-0.014126,0.109261,-0.450730,0.505795
MTDtemp,3000,60,10000,-0.017038,0.108727,-0.441309,0.574882
MTDtemp,3000,70,10000,-0.019311,0.108383,-0.463716,0.480489
MTDtemp,3000,80,10000,-0.016920,0.110363,-0.464520,0.553334
MTDtemp,3000,90,10000,-0.018482,0.109545,-0.496193,0.591893
MTDtemp,4000,10,10000,-0.018853,0.109517,-0.543458,0.520464
MTDtemp,4000,100,10000,-0.016189,0.110199,-0.513078,0.576332
MTDtemp,4000,20,10000,-0.017449,0.109139,-0.423282,0.505253
MTDtemp,4000,30,10000,-0.014105,0.111832,-0.438620,0.584332
MTDtemp,4000,40,10000,-0.018069,0.110363,-0.440504,0.632649
MTDtemp,4000,50,10000,-0.016097,0.111253,-0.482753,0.541476
MTDtemp,4000,60,10000,-0.015780,0.111013,-0.487150,0.581290
MTDtemp,4000,70,10000,-0.019036,0.110737,-0.567362,0.597353
MTDtemp,4000,80,10000,-0.018756,0.111028,-0.451469,0.573231
MTDtemp,4000,90,10000,-0.015668,0.109837,-0.496715,0.543469
MTDtemp,5000,10,10000,-0.014351,0.113305,-0.590811,0.572908
MTDtemp,5000,100,10000,-0.015005,0.112682,-0.492830,0.646524
MTDtemp,5000,20,10000,-0.018305,0.112049,-0.639148,0.568706
MTDtemp,5000,30,10000,-0.020890,0.110975,-0.666074,0.555000
MTDtemp,5000,40,10000,-0.017308,0.110985,-0.525208,0.629403
MTDtemp,5000,50,10000,-0.016766,0.112071,-0.526451,0.536801
MTDtemp,5000,60,10000,-0.017639,0.112706,-0.563803,0.591323
MTDtemp,5000,70,10000,-0.017123,0.113043,-0.557152,0.580993
MTDtemp,5000,80,10000,-0.021733,0.110637,-0.698176,0.572693
MTDtemp,5000,90,10000,-0.017457,0.109067,-0.570328,0.541186
MTDtemp,500,10,10000,-0.018101,0.104985,-0.438152,0.360550
MTDtemp,500,100,10000,-0.015700,0.101263,-0.479873,0.357906
MTDtemp,500,20,10000,-0.016655,0.103893,-0.383378,0.376450
MTDtemp,500,30,10000,-0.017039,0.103697,-0.408066,0.354617
MTDtemp,500,40,10000,-0.017413,0.103902,-0.443067,0.385801
MTDtemp,500,50,10000,-0.016631,0.102134,-0.392560,0.391286
MTDtemp,500,60,10000,-0.017347,0.103402,-0.389330,0.378786
MTDtemp,500,70,10000,-0.016586,0.103293,-0.413798,0.371687
MTDtemp,500,80,10000,-0.018359,0.103509,-0.389385,0.360998
MTDtemp,500,90,10000,-0.017413,0.104385,-0.381525,0.362823
MTDtemp,8000,10,10000,-0.017672,0.116811,-0.542822,0.673519
MTDtemp,8000,100,10000,-0.017266,0.118381,-0.659948,0.717023
MTDtemp,8000,20,10000,-0.018140,0.116991,-0.577873,0.656374
MTDtemp,8000,30,10000,-0.018490,0.115845,-0.618243,0.679164
MTDtemp,8000,40,10000,-0.014114,0.119300,-0.621250,0.684366
MTDtemp,8000,50,10000,-0.015388,0.114235,-0.560648,0.636339
MTDtemp,8000,60,10000,-0.013357,0.119162,-0.575129,0.752556
MTDtemp,8000,70,10000,-0.016181,0.115664,-0.651460,0.637793
MTDtemp,8000,80,10000,-0.017097,0.117229,-0.588039,0.653892
MTDtemp,8000,90,10000,-0.018246,0.116477,-0.596138,0.652990
MTDwidth,0.1,10,10000,-0.023432,0.101020,-0.439433,0.368155
MTDwidth,0.1,100,10000,0.018414,0.101205,-0.352682,0.399258
MTDwidth,0.1,20,10000,-0.023136,0.100402,-0.424218,0.370291
MTDwidth,0.1,30,10000,0.062541,0.108993,-0.326896,0.453121
MTDwidth,0.1,40,10000,0.066199,0.115748,-0.346653,0.498542
MTDwidth,0.1,50,10000,-0.018906,0.098768,-0.377845,0.332231
MTDwidth,0.1,60,10000,-0.040166,0.102128,-0.412063,0.286535
MTDwidth,0.1,70,10000,0.052553,0.102104,-0.325169,0.419098
MTDwidth,0.1,80,10000,-0.038956,0.100600,-0.414169,0.315659
MTDwidth,0.1,90,10000,-0.033936,0.099811,-0.406910,0.343197
MTDwidth,0.2,10,10000,-0.035932,0.099326,-0.503546,0.327256
MTDwidth,0.2,100,10000,-0.001466,0.107858,-0.386737,0.367700
MTDwidth,0.2,20,10000,-0.040265,0.100221,-0.432979,0.352580
MTDwidth,0.2,30,10000,0.034221,0.109546,-0.390848,0.459413
MTDwidth,0.2,40,10000,-0.025720,0.100935,-0.389363,0.359045
MTDwidth,0.2,50,10000,-0.031490,0.100176,-0.415993,0.338050
MTDwidth,0.2,60,10000,-0.016874,0.101613,-0.386131,0.362335
MTDwidth,0.2,70,10000,-0.031911,0.101496,-0.389879,0.313493
MTDwidth,0.2,80,10000,0.044820,0.108060,-0.345000,0.542652
MTDwidth,0.2,90,10000,-0.016178,0.100829,-0.413712,0.350609
MTDwidth,0.3,10,10000,-0.021543,0.102399,-0.463104,0.369720
MTDwidth,0.3,100,10000,-0.015825,0.102151,-0.434759,0.436492
MTDwidth,0.3,20,10000,-0.024893,0.101369,-0.390927,0.336243
MTDwidth,0.3,30,10000,0.059752,0.114905,-0.350994,0.547407
MTDwidth,0.3,40,10000,-0.013229,0.104466,-0.374864,0.374176
MTDwidth,0.3,50,10000,0.001534,0.110144,-0.421524,0.432688
MTDwidth,0.3,60,10000,-0.030059,0.101450,-0.414198,0.328510
MTDwidth,0.3,70,10000,-0.053023,0.101890,-0.425584,0.358733
MTDwidth,0.3,80,10000,-0.014769,0.101325,-0.404757,0.402062
MTDwidth,0.3,90,10000,-0.023348,0.100490,-0.395335,0.368060
MTDwidth,0.5,10,10000,0.003947,0.108861,-0.511932,0.424410
MTDwidth,0.5,100,10000,-0.020519,0.101036,-0.400699,0.336357
MTDwidth,0.5,20,10000,-0.002280,0.108377,-0.379210,0.447710
MTDwidth,0.5,30,10000,-0.020996,0.100984,-0.388436,0.381938
MTDwidth,0.5,40,10000,-0.015845,0.101743,-0.441560,0.374758
MTDwidth,0.5,50,10000,0.003899,0.103431,-0.397330,0.377499
MTDwidth,0.5,60,10000,-0.018791,0.104599,-0.393642,0.344657
MTDwidth,0.5,70,10000,-0.021650,0.101545,-0.469811,0.353543
MTDwidth,0.5,80,10000,-0.022284,0.100288,-0.432514,0.337107
MTDwidth,0.5,90,10000,-0.031748,0.102415,-0.367490,0.360795
MTDwidth,0.7,10,10000,-0.012414,0.108586,-0.389419,0.428426
MTDwidth,0.7,100,10000,-0.018800,0.102192,-0.385610,0.372834
MTDwidth,0.7,20,10000,-0.013913,0.105251,-0.373975,0.392143
MTDwidth,0.7,30,10000,-0.014109,0.101253,-0.451175,0.373273
MTDwidth,0.7,40,10000,-0.019092,0.101624,-0.428862,0.347160
MTDwidth,0.7,50,10000,-0.024212,0.101285,-0.469705,0.341024
MTDwidth,0.7,60,10000,-0.015717,0.104503,-0.417542,0.466421
MTDwidth,0.7,70,10000,-0.017523,0.103293,-0.512151,0.383570
MTDwidth,0.7,80,10000,-0.022670,0.104004,-0.485650,0.384897
MTDwidth,0.7,90,10000,-0.020288,0.102888,-0.394426,0.383787
MTDwidth,1.0,10,10000,-0.016812,0.103960,-0.435618,0.461600
MTDwidth,1.0,100,10000,-0.017982,0.104072,-0.404309,0.375631
MTDwidth,1.0,20,10000,-0.018085,0.104446,-0.407034,0.368190
MTDwidth,1.0,30,10000,-0.016718,0.104172,-0.420306,0.368278
MTDwidth,1.0,40,10000,-0.019035,0.103325,-0.393758,0.403922
MTDwidth,1.0,50,10000,-0.019849,0.104422,-0.385780,0.417279
MTDwidth,1.0,60,10000,-0.018241,0.103715,-0.413517,0.372759
MTDwidth,1.0,70,10000,-0.016977,0.104458,-0.420590,0.420548
MTDwidth,1.0,80,10000,-0.017750,0.103490,-0.418916,0.380909
MTDwidth,1.0,90,10000,-0.018657,0.105014,-0.423114,0.394437
MTDwidth,1.5,10,10000,-0.015040,0.103798,-0.398029,0.402682
MTDwidth,1.5,100,10000,-0.018013,0.104111,-0.418188,0.432958
MTDwidth,1.5,20,10000,-0.018182,0.103484,-0.398992,0.380668
MTDwidth,1.5,30,10000,-0.015625,0.105848,-0.417663,0.407538
MTDwidth,1.5,40,10000,-0.015350,0.105117,-0.397401,0.382894
MTDwidth,1.5,50,10000,-0.016873,0.104243,-0.449255,0.383395
MTDwidth,1.5,60,10000,-0.016439,0.104318,-0.388213,0.403480
MTDwidth,1.5,70,10000,-0.017571,0.103338,-0.402642,0.337966
MTDwidth,1.5,80,10000,-0.017716,0.104896,-0.404398,0.387158
MTDwidth,1.5,90,10000,-0.017319,0.103733,-0.386139,0.356752
MTDwidth,2.0,10,10000,-0.019645,0.102701,-0.388024,0.348159
MTDwidth,2.0,100,10000,-0.016659,0.103505,-0.465869,0.388206
MTDwidth,2.0,20,10000,-0.018000,0.103386,-0.419380,0.372960
MTDwidth,2.0,30,10000,-0.016231,0.104224,-0.458478,0.354428
MTDwidth,2.0,40,10000,-0.018442,0.104440,-0.433208,0.358510
MTDwidth,2.0,50,10000,-0.018216,0.102595,-0.397751,0.391100
MTDwidth,2.0,60,10000,-0.016998,0.103711,-0.459254,0.387391
MTDwidth,2.0,70,10000,-0.018241,0.103018,-0.391911,0.359336
MTDwidth,2.0,80,10000,-0.016555,0.105276,-0.407022,0.413070
MTDwidth,2.0,90,10000,-0.018041,0.104382,-0.389168,0.394261
MTDwidth,3.0,10,10000,-0.018564,0.103590,-0.434142,0.371083
MTDwidth,3.0,100,10000,-0.017465,0.104642,-0.434391,0.390094
MTDwidth,3.0,20,10000,-0.017139,0.105050,-0.430291,0.361841
MTDwidth,3.0,30,10000,-0.018767,0.104706,-0.404316,0.379399
MTDwidth,3.0,40,10000,-0.017849,0.103560,-0.382744,0.381457
MTDwidth,3.0,50,10000,-0.016981,0.104164,-0.427247,0.439431
MTDwidth,3.0,60,10000,-0.019680,0.103470,-0.395651,0.449915
MTDwidth,3.0,70,10000,-0.017204,0.103571,-0.424476,0.484361
MTDwidth,3.0,80,10000,-0.017435,0.105293,-0.373688,0.398066
MTDwidth,3.0,90,10000,-0.016951,0.104494,-0.383742,0.368283
MTDwidth,5.0,10,10000,-0.018630,0.104653,-0.414226,0.372727
MTDwidth,5.0,100,10000,-0.017264,0.105488,-0.412638,0.408946
MTDwidth,5.0,20,10000,-0.015928,0.103784,-0.417135,0.395898
MTDwidth,5.0,30,10000,-0.016800,0.104147,-0.395140,0.339872
MTDwidth,5.0,40,10000,-0.016973,0.104284,-0.460088,0.408137
MTDwidth,5.0,50,10000,-0.017427,0.104483,-0.412200,0.376616
MTDwidth,5.0,60,10000,-0.015020,0.105378,-0.395874,0.442414
MTDwidth,5.0,70,10000,-0.014127,0.103921,-0.457658,0.422112
MTDwidth,5.0,80,10000,-0.015445,0.105057,-0.400645,0.433368
MTDwidth,5.0,90,10000,-0.016979,0.103725,-0.393347,0.375522
colvarWidth,0.01,10,10000,-0.018489,0.103493,-0.365878,0.403690
colvarWidth,0.01,100,10000,-0.018796,0.103466,-0.392869,0.457637
colvarWidth,0.01,20,10000,-0.019361,0.103316,-0.395575,0.357264
colvarWidth,0.01,30,10000,-0.015835,0.102575,-0.433712,0.441154
colvarWidth,0.01,40,10000,-0.017551,0.102694,-0.438128,0.416907
colvarWidth,0.01,50,10000,-0.016851,0.103512,-0.462532,0.396325
colvarWidth,0.01,60,10000,-0.017457,0.105262,-0.406359,0.420162
colvarWidth,0.01,70,10000,-0.018547,0.103817,-0.413167,0.334405
colvarWidth,0.01,80,10000,-0.021300,0.101967,-0.404975,0.361462
colvarWidth,0.01,90,10000,-0.016110,0.103386,-0.404650,0.407553
colvarWidth,0.05,10,10000,-0.018761,0.103873,-0.427383,0.407548
colvarWidth,0.05,100,10000,-0.015796,0.103749,-0.434959,0.399816
colvarWidth,0.05,20,10000,-0.016629,0.102247,-0.378376,0.348919
colvarWidth,0.05,30,10000,-0.019189,0.104364,-0.382163,0.435726
colvarWidth,0.05,40,10000,-0.016724,0.102347,-0.431030,0.393140
colvarWidth,0.05,50,10000,-0.017889,0.103545,-0.441637,0.412523
colvarWidth,0.05,60,10000,-0.018417,0.103645,-0.441340,0.380339
colvarWidth,0.05,70,10000,-0.017321,0.104156,-0.378750,0.416943
colvarWidth,0.05,80,10000,-0.017285,0.103242,-0.392586,0.350850
colvarWidth,0.05,90,10000,-0.017131,0.105052,-0.397396,0.425958
colvarWidth,0.1,10,10000,-0.017673,0.102517,-0.429902,0.346462
colvarWidth,0.1,100,10000,-0.017923,0.104524,-0.483067,0.468569
colvarWidth,0.1,20,10000,-0.016644,0.104933,-0.468382,0.366781
colvarWidth,0.1,30,10000,-0.017511,0.103495,-0.401244,0.485198
colvarWidth,0.1,40,10000,-0.015819,0.104464,-0.378607,0.432109
colvarWidth,0.1,50,10000,-0.018629,0.104486,-0.409358,0.457352
colvarWidth,0.1,60,10000,-0.018002,0.104856,-0.394162,0.398362
colvarWidth,0.1,70,10000,-0.014940,0.104323,-0.460764,0.472410
colvarWidth,0.1,80,10000,-0.016882,0.103536,-0.399460,0.370270
colvarWidth,0.1,90,10000,-0.015461,0.102672,-0.412711,0.349646
colvarWidth,0.2,10,10000,-0.017533,0.103928,-0.447251,0.360339
colvarWidth,0.2,100,10000,-0.018396,0.104326,-0.413372,0.369155
colvarWidth,0.2,20,10000,-0.017733,0.104978,-0.437065,0.403474
colvarWidth,0.2,30,10000,-0.018156,0.102966,-0.408143,0.381703
colvarWidth,0.2,40,10000,-0.015763,0.104937,-0.380494,0.383169
colvarWidth,0.2,50,10000,-0.016431,0.103823,-0.395880,0.410643
colvarWidth,0.2,60,10000,-0.015589,0.105140,-0.403975,0.489023
colvarWidth,0.2,70,10000,-0.017539,0.103931,-0.435438,0.368399
colvarWidth,0.2,80,10000,-0.017207,0.105883,-0.481833,0.376245
colvarWidth,0.2,90,10000,-0.017305,0.104666,-0.402102,0.384751
colvarWidth,0.3,10,10000,-0.019076,0.105841,-0.408088,0.410781
colvarWidth,0.3,100,10000,-0.016325,0.104079,-0.386153,0.402881
colvarWidth,0.3,20,10000,-0.015403,0.104884,-0.393694,0.451538
colvarWidth,0.3,30,10000,-0.015236,0.104433,-0.394460,0.377050
colvarWidth,0.3,40,10000,-0.015316,0.105707,-0.396010,0.422572
colvarWidth,0.3,50,10000,-0.018986,0.105767,-0.457365,0.382506
colvarWidth,0.3,60,10000,-0.017192,0.104704,-0.418841,0.397855
colvarWidth,0.3,70,10000,-0.016465,0.104018,-0.390596,0.430146
colvarWidth,0.3,80,10000,-0.017732,0.105177,-0.406685,0.417408
colvarWidth,0.3,90,10000,-0.018137,0.104459,-0.449585,0.379812
colvarWidth,0.5,10,10000,-0.016678,0.106575,-0.425063,0.411285
colvarWidth,0.5,100,10000,-0.016565,0.104190,-0.399272,0.353832
colvarWidth,0.5,20,10000,-0.017421,0.104519,-0.387837,0.370847
colvarWidth,0.5,30,10000,-0.016295,0.103811,-0.444954,0.402609
colvarWidth,0.5,40,10000,-0.017685,0.106094,-0.429298,0.459452
colvarWidth,0.5,50,10000,-0.017158,0.103625,-0.392387,0.351867
colvarWidth,0.5,60,10000,-0.012371,0.105895,-0.420765,0.390357
colvarWidth,0.5,70,10000,-0.018669,0.104036,-0.444329,0.401514
colvarWidth,0.5,80,10000,-0.017701,0.104243,-0.515545,0.348836
colvarWidth,0.5,90,10000,-0.016730,0.104102,-0.366271,0.345583
colvarWidth,0.7,10,10000,-0.016067,0.107016,-0.461161,0.353634
colvarWidth,0.7,100,10000,-0.018955,0.104702,-0.431221,0.367797
colvarWidth,0.7,20,10000,-0.023076,0.106378,-0.406886,0.343526
colvarWidth,0.7,30,10000,-0.017759,0.105282,-0.422582,0.389532
colvarWidth,0.7,40,10000,-0.020716,0.104964,-0.406381,0.350237
colvarWidth,0.7,50,10000,-0.021383,0.105386,-0.429375,0.390677
colvarWidth,0.7,60,10000,-0.018947,0.104738,-0.459479,0.455938
colvarWidth,0.7,70,10000,-0.021276,0.105727,-0.448862,0.374446
colvarWidth,0.7,80,10000,-0.023978,0.105333,-0.415947,0.344933
colvarWidth,0.7,90,10000,-0.023036,0.105653,-0.473827,0.384033
colvarWidth,1.0,10,10000,-0.018952,0.105010,-0.406076,0.389563
colvarWidth,1.0,100,10000,-0.019496,0.104632,-0.391688,0.418675
colvarWidth,1.0,20,10000,-0.018842,0.104213,-0.479803,0.397194
colvarWidth,1.0,30,10000,-0.018535,0.103785,-0.413914,0.468950
colvarWidth,1.0,40,10000,-0.008080,0.106879,-0.430225,0.411263
colvarWidth,1.0,50,10000,-0.019552,0.104248,-0.410742,0.386127
colvarWidth,1.0,60,10000,-0.020889,0.104971,-0.409943,0.392091
colvarWidth,1.0,70,10000,-0.020092,0.104539,-0.419895,0.358412
colvarWidth,1.0,80,10000,-0.019357,0.105617,-0.441218,0.409007
colvarWidth,1.0,90,10000,-0.018780,0.104860,-0.422524,0.406243
colvarWidth,1.5,10,10000,-0.018125,0.102850,-0.404316,0.390134
colvarWidth,1.5,100,10000,-0.016928,0.103460,-0.391360,0.399887
colvarWidth,1.5,20,10000,-0.013201,0.102471,-0.353208,0.426806
colvarWidth,1.5,30,10000,-0.017686,0.103006,-0.491663,0.355800
colvarWidth,1.5,40,10000,-0.017820,0.103231,-0.370095,0.362924
colvarWidth,1.5,50,10000,-0.018457,0.103434,-0.433681,0.329356
colvarWidth,1.5,60,10000,-0.016664,0.103511,-0.392864,0.343197
colvarWidth,1.5,70,10000,-0.014897,0.103407,-0.384198,0.390702
colvarWidth,1.5,80,10000,-0.015560,0.103822,-0.401196,0.382734
colvarWidth,1.5,90,10000,-0.015549,0.103922,-0.420205,0.393172
colvarWidth,2.0,10,10000,-0.023202,0.104604,-0.404344,0.388074
colvarWidth,2.0,100,10000,-0.023810,0.104168,-0.465126,0.432648
colvarWidth,2.0,20,10000,-0.022503,0.104514,-0.392641,0.352008
colvarWidth,2.0,30,10000,-0.019719,0.105574,-0.423301,0.398832
colvarWidth,2.0,40,10000,-0.027046,0.104075,-0.414043,0.332756
colvarWidth,2.0,50,10000,-0.019181,0.105868,-0.381187,0.409140
colvarWidth,2.0,60,10000,-0.024917,0.105621,-0.388768,0.392030
colvarWidth,2.0,70,10000,-0.028306,0.103647,-0.444756,0.380241
colvarWidth,2.0,80,10000,-0.017886,0.105576,-0.442844,0.359854
colvarWidth,2.0,90,10000,-0.022918,0.104488,-0.398528,0.459785
extDamp,0.05,10,10000,-0.016661,0.104789,-0.412277,0.418788
extDamp,0.05,100,10000,-0.016887,0.104625,-0.433507,0.429431
extDamp,0.05,20,10000,-0.018485,0.105005,-0.394623,0.397467
extDamp,0.05,30,10000,-0.017431,0.104117,-0.394390,0.487546
extDamp,0.05,40,10000,-0.016694,0.103428,-0.417565,0.500559
extDamp,0.05,50,10000,-0.019540,0.104573,-0.383222,0.441281
extDamp,0.05,60,10000,-0.016558,0.104547,-0.481214,0.369863
extDamp,0.05,70,10000,-0.016002,0.104561,-0.429161,0.393548
extDamp,0.05,80,10000,-0.017433,0.103808,-0.408448,0.356251
extDamp,0.05,90,10000,-0.016647,0.102764,-0.402423,0.396729
extDamp,0.10,10,10000,-0.017335,0.103119,-0.413795,0.428035
extDamp,0.10,100,10000,-0.018769,0.103441,-0.386053,0.427614
extDamp,0.10,20,10000,-0.016676,0.105248,-0.467031,0.428294
extDamp,0.10,30,10000,-0.017945,0.105555,-0.457445,0.389787
extDamp,0.10,40,10000,-0.017525,0.102434,-0.431866,0.416293
extDamp,0.10,50,10000,-0.016617,0.105413,-0.380546,0.390136
extDamp,0.10,60,10000,-0.018766,0.104075,-0.399400,0.356686
extDamp,0.10,70,10000,-0.017119,0.102463,-0.449950,0.370590
extDamp,0.10,80,10000,-0.017695,0.105650,-0.410205,0.454590
extDamp,0.10,90,10000,-0.017309,0.105541,-0.413042,0.433236
extDamp,0.20,10,10000,-0.014712,0.104884,-0.413793,0.398004
extDamp,0.20,100,10000,-0.017003,0.105978,-0.424423,0.428565
extDamp,0.20,20,10000,-0.017425,0.103981,-0.389439,0.412169
extDamp,0.20,30,10000,-0.014739,0.104246,-0.425027,0.440076
extDamp,0.20,40,10000,-0.017779,0.104475,-0.434226,0.395261
extDamp,0.20,50,10000,-0.015649,0.104744,-0.365617,0.480742
extDamp,0.20,60,10000,-0.018204,0.104081,-0.413437,0.435441
extDamp,0.20,70,10000,-0.018520,0.103832,-0.373510,0.422441
extDamp,0.20,80,10000,-0.017509,0.105385,-0.394899,0.430005
extDamp,0.20,90,10000,-0.017985,0.103966,-0.439204,0.472040
extDamp,0.30,10,10000,-0.015987,0.105703,-0.398353,0.468846
extDamp,0.30,100,10000,-0.019590,0.103909,-0.485527,0.373920
extDamp,0.30,20,10000,-0.018041,0.103253,-0.414972,0.400275
extDamp,0.30,30,10000,-0.017190,0.104388,-0.405758,0.436541
extDamp,0.30,40,10000,-0.018045,0.104813,-0.422615,0.396048
extDamp,0.30,50,10000,-0.015769,0.103412,-0.399866,0.395807
extDamp,0.30,60,10000,-0.016313,0.103767,-0.425561,0.398557
extDamp,0.30,70,10000,-0.015679,0.105290,-0.404483,0.376218
extDamp,0.30,80,10000,-0.016934,0.105005,-0.450901,0.430632
extDamp,0.30,90,10000,-0.017551,0.104316,-0.448122,0.415047
extDamp,0.50,10,10000,-0.018715,0.104193,-0.359135,0.476035
extDamp,0.50,100,10000,-0.018736,0.104860,-0.456775,0.333751
extDamp,0.50,20,10000,-0.014797,0.105261,-0.382602,0.431756
extDamp,0.50,30,10000,-0.015697,0.104280,-0.410107,0.424212
extDamp,0.50,40,10000,-0.018781,0.103884,-0.444032,0.389162
extDamp,0.50,50,10000,-0.017482,0.103394,-0.413065,0.400851
extDamp,0.50,60,10000,-0.018034,0.103451,-0.404418,0.389671
extDamp,0.50,70,10000,-0.016644,0.104152,-0.420480,0.381145
extDamp,0.50,80,10000,-0.021051,0.102887,-0.441992,0.378795
extDamp,0.50,90,10000,-0.019423,0.103896,-0.456604,0.421920
extDamp,0.70,10,10000,-0.015977,0.104003,-0.424121,0.504208
extDamp,0.70,100,10000,-0.017791,0.102701,-0.432742,0.370736
extDamp,0.70,20,10000,-0.018667,0.103699,-0.404095,0.499131
extDamp,0.70,30,10000,-0.013564,0.106749,-0.421384,0.485710
extDamp,0.70,40,10000,-0.016374,0.105118,-0.413469,0.410539
extDamp,0.70,50,10000,-0.018691,0.103708,-0.396926,0.406812
extDamp,0.70,60,10000,-0.018867,0.103578,-0.402082,0.369864
extDamp,0.70,70,10000,-0.017615,0.103961,-0.447804,0.369055
extDamp,0.70,80,10000,-0.018726,0.104701,-0.389707,0.412472
extDamp,0.70,90,10000,-0.019728,0.103322,-0.385322,0.416385
extDamp,1.0,10,10000,-0.016997,0.104353,-0.497126,0.372084
extDamp,1.0,100,10000,-0.020961,0.104151,-0.412896,0.436705
extDamp,1.0,20,10000,-0.018234,0.104581,-0.431663,0.396047
extDamp,1.0,30,10000,-0.016909,0.104337,-0.405593,0.447757
extDamp,1.0,40,10000,-0.017837,0.104987,-0.421844,0.440537
extDamp,1.0,50,10000,-0.016344,0.104711,-0.430235,0.454489
extDamp,1.0,60,10000,-0.015947,0.104489,-0.398611,0.413391
extDamp,1.0,70,10000,-0.018712,0.104350,-0.416386,0.405373
extDamp,1.0,80,10000,-0.019664,0.104766,-0.381019,0.393151
extDamp,1.0,90,10000,-0.016117,0.103471,-0.391705,0.392636
extDamp,1.5,10,10000,-0.017872,0.104368,-0.383832,0.407138
extDamp,1.5,100,10000,-0.017890,0.104477,-0.411824,0.387473
extDamp,1.5,20,10000,-0.017036,0.102642,-0.461145,0.401787
extDamp,1.5,30,10000,-0.017877,0.103977,-0.387359,0.403300
extDamp,1.5,40,10000,-0.016013,0.104784,-0.396996,0.397819
extDamp,1.5,50,10000,-0.018040,0.103287,-0.402520,0.398880
extDamp,1.5,60,10000,-0.017395,0.106017,-0.551577,0.448155
extDamp,1.5,70,10000,-0.017429,0.103644,-0.405821,0.392017
extDamp,1.5,80,10000,-0.018730,0.104751,-0.437948,0.393243
extDamp,1.5,90,10000,-0.016472,0.105155,-0.373901,0.365818
extDamp,2.0,10,10000,-0.018164,0.104920,-0.420631,0.417529
extDamp,2.0,100,10000,-0.018286,0.103502,-0.425201,0.373251
extDamp,2.0,20,10000,-0.020183,0.103489,-0.415591,0.431648
extDamp,2.0,30,10000,-0.018614,0.102899,-0.428241,0.352611
extDamp,2.0,40,10000,-0.018820,0.103467,-0.400372,0.488100
extDamp,2.0,50,10000,-0.015984,0.105272,-0.375904,0.399333
extDamp,2.0,60,10000,-0.015141,0.105007,-0.381808,0.454010
extDamp,2.0,70,10000,-0.017190,0.105960,-0.429275,0.437803
extDamp,2.0,80,10000,-0.016106,0.104520,-0.393400,0.416426
extDamp,2.0,90,10000,-0.017185,0.104483,-0.464242,0.384935
extDamp,5.0,10,10000,-0.017044,0.103331,-0.397232,0.414428
extDamp,5.0,100,10000,-0.016100,0.104846,-0.401154,0.392572
extDamp,5.0,20,10000,-0.017160,0.103317,-0.455364,0.361116
extDamp,5.0,30,10000,-0.017245,0.103678,-0.407371,0.380821
extDamp,5.0,40,10000,-0.019304,0.103686,-0.391711,0.453110
extDamp,5.0,50,10000,-0.017522,0.104303,-0.425516,0.413101
extDamp,5.0,60,10000,-0.015928,0.106108,-0.518859,0.418975
extDamp,5.0,70,10000,-0.017051,0.104942,-0.389220,0.393486
extDamp,5.0,80,10000,-0.016428,0.105231,-0.411108,0.466487
extDamp,5.0,90,10000,-0.017113,0.103755,-0.427899,0.455886
extFluc,0.01,10,10000,-0.000241,0.010050,-0.037551,0.038021
extFluc,0.01,100,10000,-0.000015,0.010062,-0.039328,0.036397
extFluc,0.01,20,10000,-0.000090,0.010246,-0.036929,0.041552
extFluc,0.01,30,10000,-0.000208,0.010263,-0.043462,0.036692
extFluc,0.01,40,10000,-0.000245,0.010045,-0.042907,0.045016
extFluc,0.01,50,10000,-0.000238,0.010074,-0.038691,0.038535
extFluc,0.01,60,10000,-0.000327,0.010071,-0.045879,0.036943
extFluc,0.01,70,10000,-0.000235,0.010234,-0.041938,0.041852
extFluc,0.01,80,10000,-0.000207,0.010065,-0.037289,0.037221
extFluc,0.01,90,10000,-0.000173,0.009998,-0.035601,0.042544
extFluc,0.05,10,10000,-0.004954,0.050454,-0.180070,0.212349
extFluc,0.05,100,10000,-0.005074,0.051163,-0.206069,0.186724
extFluc,0.05,20,10000,-0.004499,0.050018,-0.204455,0.207458
extFluc,0.05,30,10000,-0.004540,0.051152,-0.197184,0.192516
extFluc,0.05,40,10000,-0.003760,0.050250,-0.225202,0.169574
extFluc,0.05,50,10000,-0.004063,0.050710,-0.180736,0.198178
extFluc,0.05,60,10000,-0.004280,0.050641,-0.202258,0.185123
extFluc,0.05,70,10000,-0.003945,0.050815,-0.197968,0.211926
extFluc,0.05,80,10000,-0.004859,0.051054,-0.217118,0.179578
extFluc,0.05,90,10000,-0.005380,0.050714,-0.195621,0.197089
extFluc,0.10,10,10000,-0.016083,0.103586,-0.360694,0.403370
extFluc,0.10,100,10000,-0.021164,0.103761,-0.454154,0.382084
extFluc,0.10,20,10000,-0.016520,0.103134,-0.363578,0.425182
extFluc,0.10,30,10000,-0.017670,0.105472,-0.426875,0.445265
extFluc,0.10,40,10000,-0.019199,0.104405,-0.424561,0.408943
extFluc,0.10,50,10000,-0.016591,0.104616,-0.438270,0.394675
extFluc,0.10,60,10000,-0.018231,0.104168,-0.393945,0.424286
extFluc,0.10,70,10000,-0.018652,0.104902,-0.388673,0.406689
extFluc,0.10,80,10000,-0.017199,0.104966,-0.424221,0.403578
extFluc,0.10,90,10000,-0.015184,0.102843,-0.428212,0.452796
extFluc,0.15,10,10000,-0.038030,0.163666,-0.630566,0.767733
extFluc,0.15,100,10000,-0.040269,0.163006,-0.591587,0.616208
extFluc,0.15,20,10000,-0.038873,0.164316,-0.632463,0.617952
extFluc,0.15,30,10000,-0.036932,0.162699,-0.665847,0.613448
extFluc,0.15,40,10000,-0.039440,0.162712,-0.708306,0.655856
extFluc,0.15,50,10000,-0.038707,0.162000,-0.607247,0.602405
extFluc,0.15,60,10000,-0.036929,0.162736,-0.627343,0.719603
extFluc,0.15,70,10000,-0.035318,0.162369,-0.671697,0.597238
extFluc,0.15,80,10000,-0.042657,0.159578,-0.569796,0.612369
extFluc,0.15,90,10000,-0.039397,0.161455,-0.663651,0.564502
extFluc,0.2,10,10000,-0.064430,0.227327,-0.901055,0.837738
extFluc,0.2,100,10000,-0.075008,0.226624,-0.907224,0.864575
extFluc,0.2,20,10000,-0.070116,0.228752,-0.965963,0.910040
extFluc,0.2,30,10000,-0.071858,0.227174,-1.034463,0.881956
extFluc,0.2,40,10000,-0.068577,0.227963,-0.975167,0.931104
extFluc,0.2,50,10000,-0.066264,0.225741,-0.808267,0.791301
extFluc,0.2,60,10000,-0.067840,0.225980,-0.958758,0.815794
extFluc,0.2,70,10000,-0.066566,0.226166,-0.847352,0.808419
extFluc,0.2,80,10000,-0.075374,0.228262,-0.980917,0.793872
extFluc,0.2,90,10000,-0.067716,0.229804,-0.982251,0.920023
extFluc,0.3,10,10000,-0.166577,0.368676,-1.282562,1.317187
extFluc,0.3,100,10000,-0.159345,0.373356,-1.370944,1.287534
extFluc,0.3,20,10000,-0.151110,0.374866,-1.412881,1.353578
extFluc,0.3,30,10000,-0.154242,0.370867,-1.593772,1.255833
extFluc,0.3,40,10000,-0.152857,0.367482,-1.435812,1.362351
extFluc,0.3,50,10000,-0.153133,0.369231,-1.436546,1.346669
extFluc,0.3,60,10000,-0.158929,0.371773,-1.487770,1.426607
extFluc,0.3,70,10000,-0.163739,0.362554,-1.402690,1.439690
extFluc,0.3,80,10000,-0.164318,0.374417,-1.499921,1.350283
extFluc,0.3,90,10000,-0.150863,0.368073,-1.535458,1.341507
extFluc,0.5,10,10000,-0.430345,0.697071,-2.716016,2.440739
extFluc,0.5,100,10000,-0.428625,0.720616,-2.984673,2.383056
extFluc,0.5,20,10000,-0.412049,0.714612,-2.969000,2.245631
extFluc,0.5,30,10000,-0.423871,0.730246,-2.986157,2.508679
extFluc,0.5,40,10000,-0.434534,0.753182,-2.837748,2.361383
extFluc,0.5,50,10000,-0.404116,0.741462,-2.632246,2.522423
extFluc,0.5,60,10000,-0.405962,0.734271,-2.639824,2.409995
extFluc,0.5,70,10000,-0.412822,0.778091,-2.800693,2.417026
extFluc,0.5,80,10000,-0.439031,0.744999,-2.677731,2.433597
extFluc,0.5,90,10000,-0.457931,0.739576,-2.632569,2.435689
extFluc,0.7,10,10000,-0.835590,1.147302,-4.546110,3.403184
extFluc,0.7,100,10000,-0.852691,1.183919,-4.529317,3.503469
extFluc,0.7,20,10000,-0.839832,1.230090,-4.659953,3.395844
extFluc,0.7,30,10000,-0.798132,1.175208,-4.221988,3.116934
extFluc,0.7,40,10000,-0.842340,1.163965,-4.429134,3.626197
extFluc,0.7,50,10000,-0.809042,1.142187,-4.292550,3.346319
extFluc,0.7,60,10000,-0.827915,1.146247,-4.797352,3.316601
extFluc,0.7,70,10000,-0.815091,1.164005,-4.420035,3.667311
extFluc,0.7,80,10000,-0.841757,1.202669,-4.101727,3.438488
extFluc,0.7,90,10000,-0.785722,1.144317,-4.173233,3.252255
extFluc,1.0,10,10000,-1.568465,1.900692,-6.545945,4.915257
extFluc,1.0,100,10000,-1.565611,2.004672,-7.215991,4.930726
extFluc,1.0,20,10000,-1.557195,1.976241,-7.170340,5.434691
extFluc,1.0,30,10000,-1.578231,1.890215,-7.695428,4.989895
extFluc,1.0,40,10000,-1.564638,2.003486,-7.199858,5.774720
extFluc,1.0,50,10000,-1.699237,1.997583,-7.888009,4.980400
extFluc,1.0,60,10000,-1.674198,2.081283,-7.472692,5.250454
extFluc,1.0,70,10000,-1.708807,2.078554,-7.268578,5.375308
extFluc,1.0,80,10000,-1.642601,2.004964,-7.591003,5.360193
extFluc,1.0,90,10000,-1.543261,1.753601,-6.889869,4.792757
extFluc,2.0,10,10000,-5.794603,6.374409,-18.833487,10.644390
extFluc,2.0,100,10000,-5.856977,6.452112,-19.617697,10.292194
extFluc,2.0,20,10000,-5.861814,6.283730,-19.413708,10.036294
extFluc,2.0,30,10000,-5.888564,6.435249,-19.445752,10.396734
extFluc,2.0,40,10000,-5.890799,6.094575,-19.222279,10.476525
extFluc,2.0,50,10000,-4.165103,5.193740,-18.220006,10.444935
extFluc,2.0,60,10000,-5.845926,6.094452,-19.342362,10.639424
extFluc,2.0,70,10000,-5.165167,5.180456,-19.023115,10.599248
extFluc,2.0,80,10000,-5.993633,6.386000,-18.763614,10.183883
extFluc,2.0,90,10000,-5.958443,6.473025,-19.082259,10.452669
extTime,100,10,10000,-0.017834,0.103690,-0.413944,0.375436
extTime,100,100,10000,-0.015798,0.105758,-0.392093,0.359142
extTime,100,20,10000,-0.017684,0.103294,-0.384618,0.378791
extTime,100,30,10000,-0.015888,0.104045,-0.436795,0.405363
extTime,100,40,10000,-0.017662,0.104572,-0.428942,0.466297
extTime,100,50,10000,-0.015682,0.102733,-0.379349,0.415483
extTime,100,60,10000,-0.016731,0.104692,-0.421871,0.432919
extTime,100,70,10000,-0.018740,0.105242,-0.406275,0.385030
extTime,100,80,10000,-0.018557,0.103841,-0.429249,0.469282
extTime,100,90,10000,-0.016713,0.105041,-0.413605,0.420260
extTime,10,10,10000,-0.016508,0.103881,-0.404013,0.409310
extTime,10,100,10000,-0.016750,0.104770,-0.455536,0.428909
extTime,10,20,10000,-0.017780,0.105497,-0.415162,0.366968
extTime,10,30,10000,-0.017211,0.106080,-0.381231,0.478465
extTime,10,40,10000,-0.019698,0.103525,-0.454342,0.358921
extTime,10,50,10000,-0.018766,0.105497,-0.446799,0.393864
extTime,10,60,10000,-0.017134,0.105712,-0.460501,0.501917
extTime,10,70,10000,-0.016096,0.106407,-0.475824,0.393326
extTime,10,80,10000,-0.017343,0.103900,-0.419746,0.376676
extTime,10,90,10000,-0.016196,0.105331,-0.450378,0.448507
extTime,150,10,10000,-0.018719,0.103819,-0.373583,0.359665
extTime,150,100,10000,-0.016502,0.104249,-0.413614,0.415989
extTime,150,20,10000,-0.020121,0.104595,-0.399402,0.511978
extTime,150,30,10000,-0.017812,0.103545,-0.418771,0.383535
extTime,150,40,10000,-0.017624,0.105361,-0.393827,0.430131
extTime,150,50,10000,-0.015709,0.103933,-0.464114,0.416422
extTime,150,60,10000,-0.017718,0.104278,-0.420391,0.450233
extTime,150,70,10000,-0.018116,0.102914,-0.448201,0.398225
extTime,150,80,10000,-0.018040,0.106203,-0.434318,0.396299
extTime,150,90,10000,-0.017595,0.103762,-0.393115,0.472184
extTime,200,10,10000,-0.016539,0.104419,-0.376655,0.423175
extTime,200,100,10000,-0.017899,0.103452,-0.407548,0.361287
extTime,200,20,10000,-0.017253,0.105284,-0.384323,0.437806
extTime,200,30,10000,-0.020468,0.102465,-0.496988,0.383541
extTime,200,40,10000,-0.017763,0.103717,-0.405249,0.399157
extTime,200,50,10000,-0.016211,0.102654,-0.406940,0.509297
extTime,200,60,10000,-0.018547,0.104365,-0.424146,0.379686
extTime,200,70,10000,-0.016843,0.104229,-0.402690,0.415984
extTime,200,80,10000,-0.015473,0.106267,-0.379342,0.500926
extTime,200,90,10000,-0.016623,0.104183,-0.406608,0.448412
extTime,20,10,10000,-0.017905,0.103246,-0.406206,0.358568
extTime,20,100,10000,-0.014908,0.105172,-0.398119,0.543746
extTime,20,20,10000,-0.017428,0.103736,-0.491480,0.406020
extTime,20,30,10000,-0.014233,0.103475,-0.392364,0.449925
extTime,20,40,10000,-0.017629,0.104611,-0.416009,0.354325
extTime,20,50,10000,-0.019234,0.104125,-0.402690,0.411730
extTime,20,60,10000,-0.017040,0.104314,-0.395974,0.443477
extTime,20,70,10000,-0.016403,0.102340,-0.387007,0.366145
extTime,20,80,10000,-0.015103,0.104511,-0.382720,0.403994
extTime,20,90,10000,-0.019603,0.102409,-0.369891,0.353907
extTime,250,10,10000,-0.016132,0.104313,-0.403853,0.425500
extTime,250,100,10000,-0.017157,0.103897,-0.358979,0.419702
extTime,250,20,10000,-0.018590,0.104046,-0.375797,0.390946
extTime,250,30,10000,-0.014719,0.105747,-0.386240,0.356344
extTime,250,40,10000,-0.017945,0.102913,-0.450517,0.360858
extTime,250,50,10000,-0.016306,0.103890,-0.415975,0.394371
extTime,250,60,10000,-0.016609,0.103928,-0.459482,0.370920
extTime,250,70,10000,-0.014438,0.104275,-0.440696,0.395745
extTime,250,80,10000,-0.016211,0.106746,-0.372810,0.519691
extTime,250,90,10000,-0.016603,0.103587,-0.384358,0.425925
extTime,300,10,10000,-0.018347,0.103514,-0.404710,0.368924
extTime,300,100,10000,-0.016970,0.103650,-0.439875,0.471547
extTime,300,20,10000,-0.014666,0.106303,-0.453715,0.389423
extTime,300,30,10000,-0.016997,0.104690,-0.417958,0.435606
extTime,300,40,10000,-0.019001,0.104164,-0.424700,0.457669
extTime,300,50,10000,-0.016597,0.105304,-0.432865,0.493873
extTime,300,60,10000,-0.015889,0.104913,-0.408360,0.384148
extTime,300,70,10000,-0.018827,0.102390,-0.446056,0.377145
extTime,300,80,10000,-0.017731,0.103661,-0.381904,0.365387
extTime,300,90,10000,-0.019731,0.103805,-0.429300,0.389393
extTime,30,10,10000,-0.015731,0.103613,-0.376974,0.441195
extTime,30,100,10000,-0.021398,0.104882,-0.400532,0.515162
extTime,30,20,10000,-0.017268,0.104579,-0.412451,0.395887
extTime,30,30,10000,-0.016066,0.103919,-0.399770,0.363489
extTime,30,40,10000,-0.017179,0.104831,-0.512373,0.374831
extTime,30,50,10000,-0.018439,0.102753,-0.429880,0.361738
extTime,30,60,10000,-0.018568,0.105602,-0.478796,0.421330
extTime,30,70,10000,-0.017258,0.102186,-0.377949,0.380035
extTime,30,80,10000,-0.017445,0.102768,-0.443667,0.456997
extTime,30,90,10000,-0.017078,0.104970,-0.392954,0.365053
extTime,500,10,10000,-0.016941,0.105752,-0.484348,0.462325
extTime,500,100,10000,-0.014632,0.102889,-0.404240,0.408751
extTime,500,20,10000,-0.018528,0.103998,-0.438499,0.385244
extTime,500,30,10000,-0.017884,0.103884,-0.409151,0.405364
extTime,500,40,10000,-0.015685,0.104921,-0.388036,0.366564
extTime,500,50,10000,-0.016644,0.104392,-0.409736,0.428562
extTime,500,60,10000,-0.018241,0.103709,-0.399138,0.348680
extTime,500,70,10000,-0.016589,0.104262,-0.409343,0.442583
extTime,500,80,10000,-0.017489,0.104468,-0.443961,0.351624
extTime,500,90,10000,-0.019276,0.104411,-0.390966,0.382584
extTime,50,10,10000,-0.016134,0.104797,-0.420650,0.426179
extTime,50,100,10000,-0.014363,0.105500,-0.353557,0.372140
extTime,50,20,10000,-0.019886,0.103438,-0.392549,0.403162
extTime,50,30,10000,-0.018504,0.104328,-0.434036,0.495307
extTime,50,40,10000,-0.017358,0.104608,-0.387837,0.414151
extTime,50,50,10000,-0.017647,0.104458,-0.427815,0.407570
extTime,50,60,10000,-0.018403,0.105625,-0.413786,0.406492
extTime,50,70,10000,-0.019355,0.104338,-0.420792,0.379076
extTime,50,80,10000,-0.016900,0.104876,-0.455514,0.346139
extTime,50,90,10000,-0.017443,0.105497,-0.424349,0.393303
fullSamp,10000,10,10000,-0.018112,0.102694,-0.358021,0.415281
fullSamp,10000,100,10000,-0.017580,0.104194,-0.388804,0.407302
fullSamp,10000,20,10000,-0.016101,0.104633,-0.403975,0.443243
fullSamp,10000,30,10000,-0.018691,0.105559,-0.405225,0.410813
fullSamp,10000,40,10000,-0.017931,0.105163,-0.435173,0.421385
fullSamp,10000,50,10000,-0.017636,0.102948,-0.438309,0.502785
fullSamp,10000,60,10000,-0.016000,0.104361,-0.424473,0.381539
fullSamp,10000,70,10000,-0.015047,0.106007,-0.533635,0.431393
fullSamp,10000,80,10000,-0.019088,0.105203,-0.425149,0.449360
fullSamp,10000,90,10000,-0.017081,0.104675,-0.353791,0.472686
fullSamp,1000,10,10000,-0.017842,0.102995,-0.402334,0.528431
fullSamp,1000,100,10000,-0.017706,0.103596,-0.360977,0.381119
fullSamp,1000,20,10000,-0.017618,0.104293,-0.428977,0.347134
fullSamp,1000,30,10000,-0.017928,0.103911,-0.400804,0.385172
fullSamp,1000,40,10000,-0.015937,0.105370,-0.393305,0.450827
fullSamp,1000,50,10000,-0.018603,0.103978,-0.433285,0.392389
fullSamp,1000,60,10000,-0.018978,0.103880,-0.414414,0.344753
fullSamp,1000,70,10000,-0.017149,0.104359,-0.431268,0.394105
fullSamp,1000,80,10000,-0.018185,0.105183,-0.440584,0.393683
fullSamp,1000,90,10000,-0.015643,0.104973,-0.399802,0.425102
fullSamp,100,10,10000,-0.016319,0.103052,-0.396900,0.360391
fullSamp,100,100,10000,-0.018579,0.104137,-0.413659,0.355313
fullSamp,100,20,10000,-0.016345,0.105190,-0.479932,0.418637
fullSamp,100,30,10000,-0.016436,0.104093,-0.378916,0.371717
fullSamp,100,40,10000,-0.018939,0.104944,-0.459672,0.371976
fullSamp,100,50,10000,-0.014754,0.103188,-0.380935,0.410578
fullSamp,100,60,10000,-0.014234,0.103822,-0.399840,0.419675
fullSamp,100,70,10000,-0.016358,0.104444,-0.397664,0.448616
fullSamp,100,80,10000,-0.018583,0.104849,-0.378449,0.389271
fullSamp,100,90,10000,-0.017850,0.105461,-0.435513,0.362843
fullSamp,2000,10,10000,-0.018951,0.104052,-0.443156,0.396693
fullSamp,2000,100,10000,-0.019038,0.104690,-0.380058,0.387288
fullSamp,2000,20,10000,-0.017629,0.103442,-0.453512,0.353879
fullSamp,2000,30,10000,-0.017556,0.103583,-0.402329,0.353872
fullSamp,2000,40,10000,-0.017464,0.103381,-0.376680,0.412446
fullSamp,2000,50,10000,-0.016536,0.103658,-0.436431,0.440709
fullSamp,2000,60,10000,-0.017583,0.104167,-0.455120,0.395109
fullSamp,2000,70,10000,-0.017404,0.104005,-0.366761,0.474729
fullSamp,2000,80,10000,-0.017067,0.104707,-0.392638,0.375617
fullSamp,2000,90,10000,-0.017034,0.105469,-0.434106,0.415587
fullSamp,200,10,10000,-0.018176,0.103490,-0.434449,0.350299
fullSamp,200,100,10000,-0.015974,0.104689,-0.384416,0.391791
fullSamp,200,20,10000,-0.014550,0.104406,-0.407657,0.413674
fullSamp,200,30,10000,-0.017275,0.103757,-0.404834,0.461292
fullSamp,200,40,10000,-0.017251,0.103722,-0.419870,0.372474
fullSamp,200,50,10000,-0.019147,0.104700,-0.491882,0.365588
fullSamp,200,60,10000,-0.016184,0.104820,-0.400771,0.419459
fullSamp,200,70,10000,-0.017411,0.104831,-0.407835,0.361743
fullSamp,200,80,10000,-0.016745,0.104224,-0.406302,0.402492
fullSamp,200,90,10000,-0.018309,0.104417,-0.444566,0.398084
fullSamp,3000,10,10000,-0.016732,0.104624,-0.466052,0.403978
fullSamp,3000,100,10000,-0.016746,0.103772,-0.426396,0.390522
fullSamp,3000,20,10000,-0.015997,0.106199,-0.468379,0.457106
fullSamp,3000,30,10000,-0.016572,0.105013,-0.409495,0.514775
fullSamp,3000,40,10000,-0.015740,0.103618,-0.440033,0.430427
fullSamp,3000,50,10000,-0.018663,0.105355,-0.409292,0.429135
fullSamp,3000,60,10000,-0.014328,0.103503,-0.429694,0.405347
fullSamp,3000,70,10000,-0.018414,0.104921,-0.422783,0.438739
fullSamp,3000,80,10000,-0.018988,0.104016,-0.442322,0.404997
fullSamp,3000,90,10000,-0.017697,0.104061,-0.472818,0.440911
fullSamp,300,10,10000,-0.018219,0.103009,-0.425162,0.383109
fullSamp,300,100,10000,-0.017291,0.104624,-0.409523,0.485167
fullSamp,300,20,10000,-0.019723,0.103740,-0.430301,0.424635
fullSamp,300,30,10000,-0.017726,0.104646,-0.501395,0.421132
fullSamp,300,40,10000,-0.017481,0.103212,-0.389997,0.391611
fullSamp,300,50,10000,-0.015047,0.104910,-0.393854,0.416246
fullSamp,300,60,10000,-0.017140,0.102698,-0.354656,0.386108
fullSamp,300,70,10000,-0.018308,0.104029,-0.392864,0.385507
fullSamp,300,80,10000,-0.019720,0.104097,-0.473106,0.418146
fullSamp,300,90,10000,-0.017971,0.103481,-0.406601,0.418515
fullSamp,5000,10,10000,-0.016985,0.104205,-0.424039,0.353980
fullSamp,5000,100,10000,-0.016726,0.103117,-0.431461,0.452996
fullSamp,5000,20,10000,-0.019217,0.105533,-0.414840,0.397781
fullSamp,5000,30,10000,-0.018115,0.104149,-0.457392,0.384413
fullSamp,5000,40,10000,-0.017124,0.104257,-0.389805,0.415687
fullSamp,5000,50,10000,-0.017636,0.103568,-0.438218,0.364413
fullSamp,5000,60,10000,-0.016690,0.103670,-0.435943,0.390675
fullSamp,5000,70,10000,-0.017583,0.104351,-0.398254,0.448748
fullSamp,5000,80,10000,-0.018297,0.103814,-0.391638,0.474789
fullSamp,5000,90,10000,-0.015432,0.103831,-0.388657,0.398315
fullSamp,500,10,10000,-0.015047,0.104619,-0.427635,0.483819
fullSamp,500,100,10000,-0.017153,0.104542,-0.406227,0.437988
fullSamp,500,20,10000,-0.018645,0.103359,-0.383907,0.406724
fullSamp,500,30,10000,-0.018320,0.104296,-0.401353,0.413367
fullSamp,500,40,10000,-0.018121,0.104072,-0.427969,0.390422
fullSamp,500,50,10000,-0.018347,0.103767,-0.395192,0.440592
fullSamp,500,60,10000,-0.017620,0.103692,-0.416775,0.405379
fullSamp,500,70,10000,-0.016063,0.103178,-0.454408,0.383783
fullSamp,500,80,10000,-0.018730,0.104135,-0.404438,0.478202
fullSamp,500,90,10000,-0.017864,0.103770,-0.383224,0.370238
fullSamp,50,10,10000,-0.015890,0.103756,-0.454669,0.370341
fullSamp,50,100,10000,-0.019272,0.102969,-0.429781,0.388555
fullSamp,50,20,10000,-0.016354,0.105335,-0.415334,0.457474
fullSamp,50,30,10000,-0.016950,0.103986,-0.385705,0.366627
fullSamp,50,40,10000,-0.014718,0.105058,-0.407980,0.380928
fullSamp,50,50,10000,-0.016268,0.103473,-0.397093,0.346254
fullSamp,50,60,10000,-0.014807,0.104401,-0.442239,0.380170
fullSamp,50,70,10000,-0.014462,0.103012,-0.446424,0.368055
fullSamp,50,80,10000,-0.017296,0.104678,-0.400028,0.432724
fullSamp,50,90,10000,-0.017308,0.103792,-0.407188,0.357824
