param,value,seed,frame
MTDheight,0.050,10,179
MTDheight,0.050,20,180
MTDheight,0.050,30,173
MTDheight,0.050,40,171
MTDheight,0.050,50,155
MTDheight,0.100,10,99
MTDheight,0.100,20,92
MTDheight,0.100,30,170
MTDheight,0.100,40,113
MTDheight,0.100,50,81
MTDheight,0.200,10,49
MTDheight,0.200,20,46
MTDheight,0.200,30,78
MTDheight,0.200,40,106
MTDheight,0.200,50,64
MTDheight,0.500,10,21
MTDheight,0.500,20,41
MTDheight,0.500,30,88
MTDheight,0.500,40,103
MTDheight,0.500,50,30
MTDheight,1.00,10,32
MTDheight,1.00,20,60
MTDheight,1.00,30,87
MTDheight,1.00,40,51
MTDheight,1.00,50,94
MTDnewhill,1000,10,93
MTDnewhill,1000,20,103
MTDnewhill,1000,30,91
MTDnewhill,1000,40,89
MTDnewhill,1000,50,87
MTDnewhill,1500,10,124
MTDnewhill,1500,20,132
MTDnewhill,1500,30,125
MTDnewhill,1500,40,158
MTDnewhill,1500,50,136
MTDnewhill,2000,10,156
MTDnewhill,2000,20,157
MTDnewhill,2000,30,160
MTDnewhill,2000,40,171
MTDnewhill,2000,50,157
MTDnewhill,3000,10,
MTDnewhill,3000,20,
MTDnewhill,3000,30,
MTDnewhill,3000,40,
MTDnewhill,3000,50,
MTDnewhill,500,10,66
MTDnewhill,500,20,51
MTDnewhill,500,30,78
MTDnewhill,500,40,77
MTDnewhill,500,50,57
MTDwidth,0.1,10,
MTDwidth,0.1,20,
MTDwidth,0.1,30,
MTDwidth,0.1,40,
MTDwidth,0.1,50,
MTDwidth,0.5,10,
MTDwidth,0.5,20,
MTDwidth,0.5,30,
MTDwidth,0.5,40,
MTDwidth,0.5,50,
MTDwidth,1.0,10,
MTDwidth,1.0,20,
MTDwidth,1.0,30,
MTDwidth,1.0,40,
MTDwidth,1.0,50,
MTDwidth,2.0,10,118
MTDwidth,2.0,20,124
MTDwidth,2.0,30,177
MTDwidth,2.0,40,153
MTDwidth,2.0,50,125
MTDwidth,3.0,10,104
MTDwidth,3.0,20,122
MTDwidth,3.0,30,93
MTDwidth,3.0,40,85
MTDwidth,3.0,50,96
MTDtemp,10000,10,90
MTDtemp,10000,20,89
MTDtemp,10000,30,106
MTDtemp,10000,40,109
MTDtemp,10000,50,99
MTDtemp,15000,10,102
MTDtemp,15000,20,95
MTDtemp,15000,30,81
MTDtemp,15000,40,109
MTDtemp,15000,50,88
MTDtemp,2000,10,
MTDtemp,2000,20,
MTDtemp,2000,30,
MTDtemp,2000,40,
MTDtemp,2000,50,
MTDtemp,30000,10,90
MTDtemp,30000,20,111
MTDtemp,30000,30,77
MTDtemp,30000,40,80
MTDtemp,30000,50,85
MTDtemp,4000,10,155
MTDtemp,4000,20,
MTDtemp,4000,30,
MTDtemp,4000,40,
MTDtemp,4000,50,167
MTDtemp,8000,10,100
MTDtemp,8000,20,88
MTDtemp,8000,30,94
MTDtemp,8000,40,111
MTDtemp,8000,50,118
