run,cell,stage,extFluc,fullSamples,biasT,seed,n_samples,n_outside,mean,std,min,max
biastemp_1000_seed_10,biastemp_1000,1,0.1,5000,1000,10,5000,0,-0.000615661,0.100622,-0.354611,0.36292
biastemp_1000_seed_20,biastemp_1000,1,0.1,5000,1000,20,5000,0,-0.00229559,0.100317,-0.356918,0.374294
biastemp_1000_seed_30,biastemp_1000,1,0.1,5000,1000,30,1586,0,-0.00225908,0.101671,-0.361587,0.39922
biastemp_2000_seed_10,biastemp_2000,1,0.1,5000,2000,10,5000,0,-0.00328429,0.098624,-0.350487,0.312889
biastemp_2000_seed_20,biastemp_2000,1,0.1,5000,2000,20,5000,0,-5.95274e-05,0.100142,-0.378149,0.411586
biastemp_2000_seed_30,biastemp_2000,1,0.1,5000,2000,30,5000,0,-0.00205619,0.103509,-0.497311,0.392148
biastemp_4000_seed_10,biastemp_4000,1,0.1,5000,4000,10,5000,0,-0.00221619,0.100958,-0.450171,0.559091
biastemp_4000_seed_20,biastemp_4000,1,0.1,5000,4000,20,5000,0,-0.00102376,0.102031,-0.524392,0.458357
biastemp_4000_seed_30,biastemp_4000,1,0.1,5000,4000,30,5000,0,-0.00223152,0.102456,-0.568242,0.639562
biastemp_8000_seed_10,biastemp_8000,1,0.1,5000,8000,10,5000,0,-0.00156224,0.107261,-0.847312,0.850847
biastemp_8000_seed_20,biastemp_8000,1,0.1,5000,8000,20,5000,0,-0.000676024,0.104397,-0.820389,0.697453
biastemp_8000_seed_30,biastemp_8000,1,0.1,5000,8000,30,5000,0,-0.00269495,0.105659,-0.777604,0.725047
extFluc_0.05_fullSamp_10000_seed_10,extFluc_0.05_fullSamp_10000,2,0.05,10000,4000,10,5000,0,-0.000916661,0.0514114,-0.237544,0.208653
extFluc_0.05_fullSamp_10000_seed_20,extFluc_0.05_fullSamp_10000,2,0.05,10000,4000,20,5000,0,-0.000425654,0.0509809,-0.231778,0.192736
extFluc_0.05_fullSamp_10000_seed_30,extFluc_0.05_fullSamp_10000,2,0.05,10000,4000,30,5000,0,-0.000573332,0.0499863,-0.234637,0.188822
extFluc_0.05_fullSamp_10000_seed_40,extFluc_0.05_fullSamp_10000,2,0.05,10000,4000,40,414,0,-0.000192201,0.0509622,-0.130739,0.139924
extFluc_0.05_fullSamp_10000_seed_50,extFluc_0.05_fullSamp_10000,2,0.05,10000,4000,50,5000,0,-2.13698e-05,0.0501845,-0.252986,0.278844
extFluc_0.05_fullSamp_2000_seed_10,extFluc_0.05_fullSamp_2000,2,0.05,2000,4000,10,5000,0,-0.000888623,0.0503133,-0.19618,0.174864
extFluc_0.05_fullSamp_2000_seed_20,extFluc_0.05_fullSamp_2000,2,0.05,2000,4000,20,5000,0,0.000180682,0.0509469,-0.25866,0.205072
extFluc_0.05_fullSamp_2000_seed_30,extFluc_0.05_fullSamp_2000,2,0.05,2000,4000,30,5000,0,0.000659793,0.0503831,-0.210708,0.175516
extFluc_0.05_fullSamp_2000_seed_40,extFluc_0.05_fullSamp_2000,2,0.05,2000,4000,40,5000,0,-0.000379839,0.0496889,-0.232084,0.170771
extFluc_0.05_fullSamp_2000_seed_50,extFluc_0.05_fullSamp_2000,2,0.05,2000,4000,50,1214,0,-0.000545454,0.0503805,-0.168008,0.165037
extFluc_0.05_fullSamp_5000_seed_10,extFluc_0.05_fullSamp_5000,2,0.05,5000,4000,10,5000,0,0.000203416,0.0504202,-0.201735,0.169676
extFluc_0.05_fullSamp_5000_seed_20,extFluc_0.05_fullSamp_5000,2,0.05,5000,4000,20,5000,0,-0.00169302,0.0507232,-0.165532,0.171306
extFluc_0.05_fullSamp_5000_seed_30,extFluc_0.05_fullSamp_5000,2,0.05,5000,4000,30,5000,0,-0.000581342,0.0511223,-0.186457,0.183061
extFluc_0.05_fullSamp_5000_seed_40,extFluc_0.05_fullSamp_5000,2,0.05,5000,4000,40,377,0,-0.00142221,0.0538195,-0.181801,0.188216
extFluc_0.05_fullSamp_5000_seed_50,extFluc_0.05_fullSamp_5000,2,0.05,5000,4000,50,5000,0,-0.00039614,0.051104,-0.249628,0.195187
extFluc_0.05_fullSamp_500_seed_10,extFluc_0.05_fullSamp_500,2,0.05,500,4000,10,5000,0,0.000147189,0.0509739,-0.189275,0.178261
extFluc_0.05_fullSamp_500_seed_20,extFluc_0.05_fullSamp_500,2,0.05,500,4000,20,5000,0,-0.000450548,0.0511726,-0.294835,0.176611
extFluc_0.05_fullSamp_500_seed_30,extFluc_0.05_fullSamp_500,2,0.05,500,4000,30,5000,0,-0.000282362,0.0506777,-0.172941,0.215131
extFluc_0.05_fullSamp_500_seed_40,extFluc_0.05_fullSamp_500,2,0.05,500,4000,40,5000,0,-0.00132485,0.0504334,-0.216655,0.189368
extFluc_0.05_fullSamp_500_seed_50,extFluc_0.05_fullSamp_500,2,0.05,500,4000,50,1224,0,0.00194598,0.0498808,-0.154593,0.139452
extFluc_0.1_fullSamp_10000_seed_10,extFluc_0.1_fullSamp_10000,2,0.1,10000,4000,10,529,0,-0.00145834,0.101858,-0.301169,0.273404
extFluc_0.1_fullSamp_10000_seed_20,extFluc_0.1_fullSamp_10000,2,0.1,10000,4000,20,5000,0,0.000773444,0.102681,-0.641043,0.414329
extFluc_0.1_fullSamp_10000_seed_30,extFluc_0.1_fullSamp_10000,2,0.1,10000,4000,30,5000,0,-0.00160008,0.10179,-0.339491,0.359119
extFluc_0.1_fullSamp_10000_seed_40,extFluc_0.1_fullSamp_10000,2,0.1,10000,4000,40,5000,0,-0.00123494,0.101149,-0.596593,0.569633
extFluc_0.1_fullSamp_10000_seed_50,extFluc_0.1_fullSamp_10000,2,0.1,10000,4000,50,5000,0,-0.00133603,0.0999261,-0.443652,0.379429
extFluc_0.1_fullSamp_2000_seed_10,extFluc_0.1_fullSamp_2000,2,0.1,2000,4000,10,5000,0,-0.00269287,0.102054,-0.75435,0.679907
extFluc_0.1_fullSamp_2000_seed_20,extFluc_0.1_fullSamp_2000,2,0.1,2000,4000,20,5000,0,-0.00425368,0.10183,-0.574111,0.715307
extFluc_0.1_fullSamp_2000_seed_30,extFluc_0.1_fullSamp_2000,2,0.1,2000,4000,30,5000,0,-0.00245729,0.10246,-0.646294,0.385683
extFluc_0.1_fullSamp_2000_seed_40,extFluc_0.1_fullSamp_2000,2,0.1,2000,4000,40,1225,0,-0.00129464,0.0980155,-0.362651,0.330228
extFluc_0.1_fullSamp_2000_seed_50,extFluc_0.1_fullSamp_2000,2,0.1,2000,4000,50,5000,0,-0.000394323,0.101594,-0.651773,0.399837
extFluc_0.1_fullSamp_5000_seed_10,extFluc_0.1_fullSamp_5000,2,0.1,5000,4000,10,5000,0,-0.00337076,0.103753,-0.444655,0.669166
extFluc_0.1_fullSamp_5000_seed_20,extFluc_0.1_fullSamp_5000,2,0.1,5000,4000,20,5000,0,-0.00114242,0.102991,-0.622041,0.39845
extFluc_0.1_fullSamp_5000_seed_30,extFluc_0.1_fullSamp_5000,2,0.1,5000,4000,30,5000,0,-0.000705372,0.101907,-0.477785,0.497951
extFluc_0.1_fullSamp_5000_seed_40,extFluc_0.1_fullSamp_5000,2,0.1,5000,4000,40,5000,0,-0.000535407,0.101378,-0.575875,0.449776
extFluc_0.1_fullSamp_5000_seed_50,extFluc_0.1_fullSamp_5000,2,0.1,5000,4000,50,5000,0,-0.000104632,0.101188,-0.373885,0.668829
extFluc_0.1_fullSamp_500_seed_10,extFluc_0.1_fullSamp_500,2,0.1,500,4000,10,5000,0,0.000245229,0.102267,-0.386066,0.47076
extFluc_0.1_fullSamp_500_seed_20,extFluc_0.1_fullSamp_500,2,0.1,500,4000,20,5000,0,-0.000526681,0.100581,-0.400787,0.503547
extFluc_0.1_fullSamp_500_seed_30,extFluc_0.1_fullSamp_500,2,0.1,500,4000,30,5000,0,-0.00201952,0.103538,-0.770709,0.439349
extFluc_0.1_fullSamp_500_seed_40,extFluc_0.1_fullSamp_500,2,0.1,500,4000,40,5000,0,0.000395118,0.102433,-0.746408,0.660402
extFluc_0.1_fullSamp_500_seed_50,extFluc_0.1_fullSamp_500,2,0.1,500,4000,50,5000,0,-0.00214399,0.100318,-0.581059,0.356159
extFluc_0.2_fullSamp_10000_seed_10,extFluc_0.2_fullSamp_10000,2,0.2,10000,4000,10,5000,0,-0.00260898,0.209199,-1.55003,1.37442
extFluc_0.2_fullSamp_10000_seed_20,extFluc_0.2_fullSamp_10000,2,0.2,10000,4000,20,823,0,-0.0130378,0.202862,-0.65216,0.486858
extFluc_0.2_fullSamp_10000_seed_30,extFluc_0.2_fullSamp_10000,2,0.2,10000,4000,30,422,0,-0.00906312,0.20476,-0.591661,0.624334
extFluc_0.2_fullSamp_10000_seed_40,extFluc_0.2_fullSamp_10000,2,0.2,10000,4000,40,5000,0,0.00586017,0.206966,-1.26362,1.51531
extFluc_0.2_fullSamp_10000_seed_50,extFluc_0.2_fullSamp_10000,2,0.2,10000,4000,50,5000,0,-0.000333013,0.212015,-1.35004,1.64931
extFluc_0.2_fullSamp_2000_seed_10,extFluc_0.2_fullSamp_2000,2,0.2,2000,4000,10,5000,0,0.00142148,0.211106,-1.72163,1.65153
extFluc_0.2_fullSamp_2000_seed_20,extFluc_0.2_fullSamp_2000,2,0.2,2000,4000,20,5000,0,-0.000428892,0.206961,-1.14004,1.5714
extFluc_0.2_fullSamp_2000_seed_30,extFluc_0.2_fullSamp_2000,2,0.2,2000,4000,30,5000,0,-0.00636808,0.202271,-1.03775,1.23246
extFluc_0.2_fullSamp_2000_seed_40,extFluc_0.2_fullSamp_2000,2,0.2,2000,4000,40,5000,0,0.000986742,0.203505,-1.42447,1.36829
extFluc_0.2_fullSamp_2000_seed_50,extFluc_0.2_fullSamp_2000,2,0.2,2000,4000,50,5000,0,-0.000239983,0.209162,-1.41447,1.68955
extFluc_0.2_fullSamp_5000_seed_10,extFluc_0.2_fullSamp_5000,2,0.2,5000,4000,10,353,0,0.00215083,0.200463,-0.666569,0.517495
extFluc_0.2_fullSamp_5000_seed_20,extFluc_0.2_fullSamp_5000,2,0.2,5000,4000,20,5000,0,0.000113298,0.207061,-1.42424,1.71011
extFluc_0.2_fullSamp_5000_seed_30,extFluc_0.2_fullSamp_5000,2,0.2,5000,4000,30,5000,0,-0.00620922,0.204938,-1.56396,1.05993
extFluc_0.2_fullSamp_5000_seed_40,extFluc_0.2_fullSamp_5000,2,0.2,5000,4000,40,5000,0,-0.00527853,0.203777,-1.64913,1.17382
extFluc_0.2_fullSamp_5000_seed_50,extFluc_0.2_fullSamp_5000,2,0.2,5000,4000,50,3951,0,-0.006286,0.200765,-0.731722,0.756725
extFluc_0.2_fullSamp_500_seed_10,extFluc_0.2_fullSamp_500,2,0.2,500,4000,10,5000,0,-0.00409961,0.205865,-1.50089,0.999552
extFluc_0.2_fullSamp_500_seed_20,extFluc_0.2_fullSamp_500,2,0.2,500,4000,20,5000,0,-0.00495517,0.214546,-1.7419,0.821307
extFluc_0.2_fullSamp_500_seed_30,extFluc_0.2_fullSamp_500,2,0.2,500,4000,30,5000,0,-0.0038354,0.20648,-1.2994,1.16594
extFluc_0.2_fullSamp_500_seed_40,extFluc_0.2_fullSamp_500,2,0.2,500,4000,40,5000,0,8.62725e-05,0.207374,-1.40113,1.68278
extFluc_0.2_fullSamp_500_seed_50,extFluc_0.2_fullSamp_500,2,0.2,500,4000,50,5000,0,-0.00302646,0.206187,-0.900217,1.12635
extFluc_0.5_fullSamp_10000_seed_10,extFluc_0.5_fullSamp_10000,2,0.5,10000,4000,10,5000,0,0.00935705,0.565966,-4.08225,4.25536
extFluc_0.5_fullSamp_10000_seed_20,extFluc_0.5_fullSamp_10000,2,0.5,10000,4000,20,5000,0,0.00342766,0.597381,-4.87686,3.47928
extFluc_0.5_fullSamp_10000_seed_30,extFluc_0.5_fullSamp_10000,2,0.5,10000,4000,30,5000,0,0.00297884,0.582797,-4.87012,4.08225
extFluc_0.5_fullSamp_10000_seed_40,extFluc_0.5_fullSamp_10000,2,0.5,10000,4000,40,5000,0,0.0236198,0.583009,-4.2498,5.00931
extFluc_0.5_fullSamp_10000_seed_50,extFluc_0.5_fullSamp_10000,2,0.5,10000,4000,50,5000,0,0.00464777,0.558362,-3.65856,4.24011
extFluc_0.5_fullSamp_2000_seed_10,extFluc_0.5_fullSamp_2000,2,0.5,2000,4000,10,5000,0,0.0081777,0.57565,-4.15798,4.70541
extFluc_0.5_fullSamp_2000_seed_20,extFluc_0.5_fullSamp_2000,2,0.5,2000,4000,20,5000,0,0.0143542,0.557018,-4.18675,4.00556
extFluc_0.5_fullSamp_2000_seed_30,extFluc_0.5_fullSamp_2000,2,0.5,2000,4000,30,5000,0,-0.0186154,0.572913,-4.28762,4.66455
extFluc_0.5_fullSamp_2000_seed_40,extFluc_0.5_fullSamp_2000,2,0.5,2000,4000,40,583,0,-0.0147494,0.526609,-1.56668,1.60831
extFluc_0.5_fullSamp_2000_seed_50,extFluc_0.5_fullSamp_2000,2,0.5,2000,4000,50,5000,0,0.00444127,0.570656,-4.48727,4.25615
extFluc_0.5_fullSamp_5000_seed_10,extFluc_0.5_fullSamp_5000,2,0.5,5000,4000,10,5000,0,-0.00518186,0.580736,-4.64074,3.57072
extFluc_0.5_fullSamp_5000_seed_20,extFluc_0.5_fullSamp_5000,2,0.5,5000,4000,20,5000,0,0.00175974,0.590477,-5.02576,4.21155
extFluc_0.5_fullSamp_5000_seed_30,extFluc_0.5_fullSamp_5000,2,0.5,5000,4000,30,5000,0,-0.00459359,0.582288,-4.68135,4.51213
extFluc_0.5_fullSamp_5000_seed_40,extFluc_0.5_fullSamp_5000,2,0.5,5000,4000,40,308,0,0.0332637,0.509689,-1.26094,1.53985
extFluc_0.5_fullSamp_5000_seed_50,extFluc_0.5_fullSamp_5000,2,0.5,5000,4000,50,2323,0,-0.0281525,0.517318,-1.94396,1.60103
extFluc_0.5_fullSamp_500_seed_10,extFluc_0.5_fullSamp_500,2,0.5,500,4000,10,5000,0,-0.0144538,0.554964,-3.27781,4.33066
extFluc_0.5_fullSamp_500_seed_20,extFluc_0.5_fullSamp_500,2,0.5,500,4000,20,5000,0,0.0102023,0.585004,-4.11688,3.81505
extFluc_0.5_fullSamp_500_seed_30,extFluc_0.5_fullSamp_500,2,0.5,500,4000,30,5000,0,0.000373457,0.56513,-4.06575,3.84826
extFluc_0.5_fullSamp_500_seed_40,extFluc_0.5_fullSamp_500,2,0.5,500,4000,40,5000,0,0.00481617,0.560584,-4.45934,3.33013
extFluc_0.5_fullSamp_500_seed_50,extFluc_0.5_fullSamp_500,2,0.5,500,4000,50,5000,0,-0.0088087,0.589074,-4.5027,3.7499
