cell,stage,extFluc,fullSamples,biasT,n,acc_mean,acc_sd,repro_mean_pairwise,n_crossed,first_crossing_mean,first_crossing_sd
biastemp_1000,1,0.1,5000,1000,3,0.21697,0.093344,0.32688,3,51.874,1.2068
biastemp_2000,1,0.1,5000,2000,3,0.24271,0.12389,0.30194,3,102.53,96.199
biastemp_4000,1,0.1,5000,4000,3,0.23296,0.072342,0.35953,3,43.133,10.489
biastemp_8000,1,0.1,5000,8000,3,0.34763,0.20864,0.37547,3,85.867,84.213
extFluc_0.05_fullSamp_10000,2,0.05,10000,4000,5,0.25384,0.15041,0.37295,5,70.273,78.981
extFluc_0.05_fullSamp_2000,2,0.05,2000,4000,5,0.18035,0.050092,0.23146,5,84.816,68.619
extFluc_0.05_fullSamp_5000,2,0.05,5000,4000,5,0.2969,0.20404,0.47142,5,100.2,108.26
extFluc_0.05_fullSamp_500,2,0.05,500,4000,5,0.16682,0.051105,0.19538,5,26.362,6.692
extFluc_0.1_fullSamp_10000,2,0.1,10000,4000,5,0.2484,0.14617,0.25998,5,45.326,21.389
extFluc_0.1_fullSamp_2000,2,0.1,2000,4000,5,0.21865,0.13037,0.23947,5,72.414,56.569
extFluc_0.1_fullSamp_5000,2,0.1,5000,4000,5,0.32333,0.20995,0.46855,5,92.88,106.89
extFluc_0.1_fullSamp_500,2,0.1,500,4000,5,0.28814,0.095355,0.41776,5,84.52,77.387
extFluc_0.2_fullSamp_10000,2,0.2,10000,4000,5,0.20579,0.12348,0.26666,5,34.811,21.764
extFluc_0.2_fullSamp_2000,2,0.2,2000,4000,5,0.21721,0.050972,0.30049,5,47.68,28.77
extFluc_0.2_fullSamp_5000,2,0.2,5000,4000,5,0.20441,0.086292,0.30022,5,52.883,31.364
extFluc_0.2_fullSamp_500,2,0.2,500,4000,5,0.28201,0.068211,0.37148,5,44.88,30.936
extFluc_0.5_fullSamp_10000,2,0.5,10000,4000,5,0.23534,0.17323,0.374,5,70.28,55.332
extFluc_0.5_fullSamp_2000,2,0.5,2000,4000,5,0.17141,0.014572,0.21451,5,105.28,103.09
extFluc_0.5_fullSamp_5000,2,0.5,5000,4000,5,0.20629,0.046276,0.28052,5,58.708,39.649
extFluc_0.5_fullSamp_500,2,0.5,500,4000,5,0.19157,0.079524,0.27843,5,75.8,45.84
