run,cell,stage,extFluc,fullSamples,biasT,seed,final_rmsd,last_block_rmsd,first_crossing_ns,restart_first_step
biastemp_1000_seed_10,biastemp_1000,1,0.1,5000,1000,10,0.16631,0.16631,50.6,0
biastemp_1000_seed_20,biastemp_1000,1,0.1,5000,1000,20,0.32469,0.32469,53,0
biastemp_1000_seed_30,biastemp_1000,1,0.1,5000,1000,30,0.15991,0.15991,52.021,170750000
biastemp_2000_seed_10,biastemp_2000,1,0.1,5000,2000,10,0.10269,0.10269,213,0
biastemp_2000_seed_20,biastemp_2000,1,0.1,5000,2000,20,0.28734,0.28734,57.4,0
biastemp_2000_seed_30,biastemp_2000,1,0.1,5000,2000,30,0.3381,0.3381,37.2,0
biastemp_4000_seed_10,biastemp_4000,1,0.1,5000,4000,10,0.31249,0.31249,36.2,0
biastemp_4000_seed_20,biastemp_4000,1,0.1,5000,4000,20,0.17107,0.17107,55.2,0
biastemp_4000_seed_30,biastemp_4000,1,0.1,5000,4000,30,0.21532,0.21532,38,0
biastemp_8000_seed_10,biastemp_8000,1,0.1,5000,8000,10,0.1514,0.1514,54.8,0
biastemp_8000_seed_20,biastemp_8000,1,0.1,5000,8000,20,0.56678,0.56678,181.2,0
biastemp_8000_seed_30,biastemp_8000,1,0.1,5000,8000,30,0.32471,0.32471,21.6,0
extFluc_0.05_fullSamp_10000_seed_10,extFluc_0.05_fullSamp_10000,2,0.05,10000,4000,10,0.27843,0.27843,18.2,0
extFluc_0.05_fullSamp_10000_seed_20,extFluc_0.05_fullSamp_10000,2,0.05,10000,4000,20,0.14137,0.14137,60.2,0
extFluc_0.05_fullSamp_10000_seed_30,extFluc_0.05_fullSamp_10000,2,0.05,10000,4000,30,0.13162,0.13162,27.4,0
extFluc_0.05_fullSamp_10000_seed_40,extFluc_0.05_fullSamp_10000,2,0.05,10000,4000,40,0.50073,0.50073,208.77,229350000
extFluc_0.05_fullSamp_10000_seed_50,extFluc_0.05_fullSamp_10000,2,0.05,10000,4000,50,0.21706,0.21706,36.8,0
extFluc_0.05_fullSamp_2000_seed_10,extFluc_0.05_fullSamp_2000,2,0.05,2000,4000,10,0.15148,0.15148,20.8,0
extFluc_0.05_fullSamp_2000_seed_20,extFluc_0.05_fullSamp_2000,2,0.05,2000,4000,20,0.1495,0.1495,51.2,0
extFluc_0.05_fullSamp_2000_seed_30,extFluc_0.05_fullSamp_2000,2,0.05,2000,4000,30,0.24655,0.24655,53.8,0
extFluc_0.05_fullSamp_2000_seed_40,extFluc_0.05_fullSamp_2000,2,0.05,2000,4000,40,0.13326,0.13326,102.4,0
extFluc_0.05_fullSamp_2000_seed_50,extFluc_0.05_fullSamp_2000,2,0.05,2000,4000,50,0.22099,0.22099,195.88,189350000
extFluc_0.05_fullSamp_5000_seed_10,extFluc_0.05_fullSamp_5000,2,0.05,5000,4000,10,0.59432,0.59432,35.8,0
extFluc_0.05_fullSamp_5000_seed_20,extFluc_0.05_fullSamp_5000,2,0.05,5000,4000,20,0.24774,0.24774,25.8,0
extFluc_0.05_fullSamp_5000_seed_30,extFluc_0.05_fullSamp_5000,2,0.05,5000,4000,30,0.39732,0.39732,212,0
extFluc_0.05_fullSamp_5000_seed_40,extFluc_0.05_fullSamp_5000,2,0.05,5000,4000,40,0.073714,0.073714,3.4027,231200000
extFluc_0.05_fullSamp_5000_seed_50,extFluc_0.05_fullSamp_5000,2,0.05,5000,4000,50,0.17138,0.17138,224,0
extFluc_0.05_fullSamp_500_seed_10,extFluc_0.05_fullSamp_500,2,0.05,500,4000,10,0.094043,0.094043,36.6,0
extFluc_0.05_fullSamp_500_seed_20,extFluc_0.05_fullSamp_500,2,0.05,500,4000,20,0.23218,0.23218,19.6,0
extFluc_0.05_fullSamp_500_seed_30,extFluc_0.05_fullSamp_500,2,0.05,500,4000,30,0.1461,0.1461,28.6,0
extFluc_0.05_fullSamp_500_seed_40,extFluc_0.05_fullSamp_500,2,0.05,500,4000,40,0.17571,0.17571,21.6,0
extFluc_0.05_fullSamp_500_seed_50,extFluc_0.05_fullSamp_500,2,0.05,500,4000,50,0.18605,0.18605,25.41,188850000
extFluc_0.1_fullSamp_10000_seed_10,extFluc_0.1_fullSamp_10000,2,0.1,10000,4000,10,0.28632,0.28632,80.232,223600000
extFluc_0.1_fullSamp_10000_seed_20,extFluc_0.1_fullSamp_10000,2,0.1,10000,4000,20,0.47683,0.47683,21.8,0
extFluc_0.1_fullSamp_10000_seed_30,extFluc_0.1_fullSamp_10000,2,0.1,10000,4000,30,0.21673,0.21673,42,0
extFluc_0.1_fullSamp_10000_seed_40,extFluc_0.1_fullSamp_10000,2,0.1,10000,4000,40,0.17176,0.17176,38.6,0
extFluc_0.1_fullSamp_10000_seed_50,extFluc_0.1_fullSamp_10000,2,0.1,10000,4000,50,0.090383,0.090383,44,0
extFluc_0.1_fullSamp_2000_seed_10,extFluc_0.1_fullSamp_2000,2,0.1,2000,4000,10,0.079469,0.079469,74,0
extFluc_0.1_fullSamp_2000_seed_20,extFluc_0.1_fullSamp_2000,2,0.1,2000,4000,20,0.42925,0.42925,37.4,0
extFluc_0.1_fullSamp_2000_seed_30,extFluc_0.1_fullSamp_2000,2,0.1,2000,4000,30,0.16318,0.16318,32.6,0
extFluc_0.1_fullSamp_2000_seed_40,extFluc_0.1_fullSamp_2000,2,0.1,2000,4000,40,0.18767,0.18767,169.47,188800000
extFluc_0.1_fullSamp_2000_seed_50,extFluc_0.1_fullSamp_2000,2,0.1,2000,4000,50,0.23366,0.23366,48.6,0
extFluc_0.1_fullSamp_5000_seed_10,extFluc_0.1_fullSamp_5000,2,0.1,5000,4000,10,0.68545,0.68545,43.6,0
extFluc_0.1_fullSamp_5000_seed_20,extFluc_0.1_fullSamp_5000,2,0.1,5000,4000,20,0.20102,0.20102,27,0
extFluc_0.1_fullSamp_5000_seed_30,extFluc_0.1_fullSamp_5000,2,0.1,5000,4000,30,0.27888,0.27888,274.8,0
extFluc_0.1_fullSamp_5000_seed_40,extFluc_0.1_fullSamp_5000,2,0.1,5000,4000,40,0.29336,0.29336,102,0
extFluc_0.1_fullSamp_5000_seed_50,extFluc_0.1_fullSamp_5000,2,0.1,5000,4000,50,0.15795,0.15795,17,0
extFluc_0.1_fullSamp_500_seed_10,extFluc_0.1_fullSamp_500,2,0.1,500,4000,10,0.29888,0.29888,46.8,0
extFluc_0.1_fullSamp_500_seed_20,extFluc_0.1_fullSamp_500,2,0.1,500,4000,20,0.23579,0.23579,82.2,0
extFluc_0.1_fullSamp_500_seed_30,extFluc_0.1_fullSamp_500,2,0.1,500,4000,30,0.23086,0.23086,218.4,0
extFluc_0.1_fullSamp_500_seed_40,extFluc_0.1_fullSamp_500,2,0.1,500,4000,40,0.22503,0.22503,47.6,0
extFluc_0.1_fullSamp_500_seed_50,extFluc_0.1_fullSamp_500,2,0.1,500,4000,50,0.45016,0.45016,27.6,0
extFluc_0.2_fullSamp_10000_seed_10,extFluc_0.2_fullSamp_10000,2,0.2,10000,4000,10,0.26918,0.26918,6.2,0
extFluc_0.2_fullSamp_10000_seed_20,extFluc_0.2_fullSamp_10000,2,0.2,10000,4000,20,0.19137,0.19137,49.82,208900000
extFluc_0.2_fullSamp_10000_seed_30,extFluc_0.2_fullSamp_10000,2,0.2,10000,4000,30,0.11793,0.11793,46.037,228950000
extFluc_0.2_fullSamp_10000_seed_40,extFluc_0.2_fullSamp_10000,2,0.2,10000,4000,40,0.069868,0.069868,55,0
extFluc_0.2_fullSamp_10000_seed_50,extFluc_0.2_fullSamp_10000,2,0.2,10000,4000,50,0.38062,0.38062,17,0
extFluc_0.2_fullSamp_2000_seed_10,extFluc_0.2_fullSamp_2000,2,0.2,2000,4000,10,0.26635,0.26635,54.6,0
extFluc_0.2_fullSamp_2000_seed_20,extFluc_0.2_fullSamp_2000,2,0.2,2000,4000,20,0.20612,0.20612,21.2,0
extFluc_0.2_fullSamp_2000_seed_30,extFluc_0.2_fullSamp_2000,2,0.2,2000,4000,30,0.13505,0.13505,40.8,0
extFluc_0.2_fullSamp_2000_seed_40,extFluc_0.2_fullSamp_2000,2,0.2,2000,4000,40,0.2474,0.2474,28,0
extFluc_0.2_fullSamp_2000_seed_50,extFluc_0.2_fullSamp_2000,2,0.2,2000,4000,50,0.23113,0.23113,93.8,0
extFluc_0.2_fullSamp_5000_seed_10,extFluc_0.2_fullSamp_5000,2,0.2,5000,4000,10,0.083895,0.083895,31.413,232400000
extFluc_0.2_fullSamp_5000_seed_20,extFluc_0.2_fullSamp_5000,2,0.2,5000,4000,20,0.2682,0.2682,14.4,0
extFluc_0.2_fullSamp_5000_seed_30,extFluc_0.2_fullSamp_5000,2,0.2,5000,4000,30,0.19581,0.19581,86.6,0
extFluc_0.2_fullSamp_5000_seed_40,extFluc_0.2_fullSamp_5000,2,0.2,5000,4000,40,0.30409,0.30409,82,0
extFluc_0.2_fullSamp_5000_seed_50,extFluc_0.2_fullSamp_5000,2,0.2,5000,4000,50,0.17003,0.17003,50,52500000
extFluc_0.2_fullSamp_500_seed_10,extFluc_0.2_fullSamp_500,2,0.2,500,4000,10,0.36375,0.36375,12,0
extFluc_0.2_fullSamp_500_seed_20,extFluc_0.2_fullSamp_500,2,0.2,500,4000,20,0.19929,0.19929,37,0
extFluc_0.2_fullSamp_500_seed_30,extFluc_0.2_fullSamp_500,2,0.2,500,4000,30,0.28625,0.28625,72.2,0
extFluc_0.2_fullSamp_500_seed_40,extFluc_0.2_fullSamp_500,2,0.2,500,4000,40,0.3307,0.3307,21.2,0
extFluc_0.2_fullSamp_500_seed_50,extFluc_0.2_fullSamp_500,2,0.2,500,4000,50,0.23007,0.23007,82,0
extFluc_0.5_fullSamp_10000_seed_10,extFluc_0.5_fullSamp_10000,2,0.5,10000,4000,10,0.14702,0.14702,50.4,0
extFluc_0.5_fullSamp_10000_seed_20,extFluc_0.5_fullSamp_10000,2,0.5,10000,4000,20,0.099794,0.099794,21.8,0
extFluc_0.5_fullSamp_10000_seed_30,extFluc_0.5_fullSamp_10000,2,0.5,10000,4000,30,0.084953,0.084953,38,0
extFluc_0.5_fullSamp_10000_seed_40,extFluc_0.5_fullSamp_10000,2,0.5,10000,4000,40,0.4472,0.4472,161.8,0
extFluc_0.5_fullSamp_10000_seed_50,extFluc_0.5_fullSamp_10000,2,0.5,10000,4000,50,0.39771,0.39771,79.4,0
extFluc_0.5_fullSamp_2000_seed_10,extFluc_0.5_fullSamp_2000,2,0.5,2000,4000,10,0.16725,0.16725,218,0
extFluc_0.5_fullSamp_2000_seed_20,extFluc_0.5_fullSamp_2000,2,0.5,2000,4000,20,0.15108,0.15108,216.4,0
extFluc_0.5_fullSamp_2000_seed_30,extFluc_0.5_fullSamp_2000,2,0.5,2000,4000,30,0.1708,0.1708,11.2,0
extFluc_0.5_fullSamp_2000_seed_40,extFluc_0.5_fullSamp_2000,2,0.5,2000,4000,40,0.17675,0.17675,30.624,220900000
extFluc_0.5_fullSamp_2000_seed_50,extFluc_0.5_fullSamp_2000,2,0.5,2000,4000,50,0.19115,0.19115,50.2,0
extFluc_0.5_fullSamp_5000_seed_10,extFluc_0.5_fullSamp_5000,2,0.5,5000,4000,10,0.20535,0.20535,16.6,0
extFluc_0.5_fullSamp_5000_seed_20,extFluc_0.5_fullSamp_5000,2,0.5,5000,4000,20,0.17573,0.17573,114,0
extFluc_0.5_fullSamp_5000_seed_30,extFluc_0.5_fullSamp_5000,2,0.5,5000,4000,30,0.20894,0.20894,64.8,0
extFluc_0.5_fullSamp_5000_seed_40,extFluc_0.5_fullSamp_5000,2,0.5,5000,4000,40,0.28075,0.28075,73.92,234650000
extFluc_0.5_fullSamp_5000_seed_50,extFluc_0.5_fullSamp_5000,2,0.5,5000,4000,50,0.16068,0.16068,24.219,133900000
extFluc_0.5_fullSamp_500_seed_10,extFluc_0.5_fullSamp_500,2,0.5,500,4000,10,0.27859,0.27859,66.2,0
extFluc_0.5_fullSamp_500_seed_20,extFluc_0.5_fullSamp_500,2,0.5,500,4000,20,0.080839,0.080839,125.8,0
extFluc_0.5_fullSamp_500_seed_30,extFluc_0.5_fullSamp_500,2,0.5,500,4000,30,0.17507,0.17507,32.4,0
extFluc_0.5_fullSamp_500_seed_40,extFluc_0.5_fullSamp_500,2,0.5,500,4000,40,0.25848,0.25848,33,0
extFluc_0.5_fullSamp_500_seed_50,extFluc_0.5_fullSamp_500,2,0.5,500,4000,50,0.16487,0.16487,121.6,0
